No,Academy Ruangguru,Name,Address,,Unique Name,First Name,End Name,Tutor,Latitude,Longitude,Geocoding Status
1,Brain Academy,Bekasi - Cibubur,"Jl. Alternatif Cibubur No.35A, RT.001/RW.010, Jatikarya, Kec. Jatisampurna, Kota Bks, Jawa Barat 17435",,BAC Cibubur,Bekasi,Cibubur,,-6.378482,106.9194989,SUCCESS
2,Brain Academy,Tangerang - Citymall,"Ruko Business Park Tangcity Blok A.16, RT.005/RW.005, Babakan, Kec. Tangerang, Kota Tangerang, Banten 15118",,BAC Citymall,Tangerang,Citymall,,-6.1942792,106.6350698,SUCCESS
3,Brain Academy,Bogor - Permata,"Jl. Sholeh Iskandar No.3a-5, RT.01/RW.04, Cibadak, Tanah Sareal, Kota Bogor, Jawa Barat 16166",,BAC Permata,Bogor,Permata Bogor,,-6.5483858,106.7742171,SUCCESS
4,Brain Academy,Cimahi - Cihanjuang,"Jl. Cihanjuang Komplek Duta regency Blok A nomor 12-13, Cibabat, Kec. Cimahi Utara, Kota Cimahi, Jawa Barat 40513",,BAC Cihanjuang,Cimahi,Cihanjuang,Siti Aisyah,-6.8735389,107.5525452,SUCCESS
5,Brain Academy,Karawang - Tuparev,"Jl Tuparev No. 395, Nagasari, Kec. Karawang Barat, Karawang, Jawa Barat 41314",,BAC Tuparev,Karawang,Tuparev,,-6.3085957,107.3095759,SUCCESS
6,Brain Academy,Depok - Sukmajaya,"Jl. Proklamasi No.14-15, Mekar Jaya, Kec. Sukmajaya, Kota Depok, Jawa Barat 16411",,BAC Sukmajaya,Depok,Sukmajaya Depok,Adzkia Kurnia Khairunnisa,-6.391858,106.8389758,SUCCESS
7,Brain Academy,Bogor - Pajajaran,"Jl. Raya Pajajaran No.87C, RT.04/RW.03, Bantarjati, Kec. Bogor Utara, Kota Bogor, Jawa Barat 16153",,BAC Pajajaran,Bogor,Pajajaran Bogor,Siti Nadhira Sulaiman,-6.5749208,106.8082284,SUCCESS
8,Brain Academy,Jakarta Timur - Pondok Gede,"Jl. Raya Pd. Gede No.30, RT.4/RW.8, Lubang Buaya, Kec. Cipayung, Kota Jakarta Timur, Daerah Khusus Ibukota Jakarta 13810",,BAC Pondok Gede,Jakarta Timur,Pondok Gede,"Tazkia Khansa Farhani
Khadijah Rizky",-6.2862892,106.8989817,SUCCESS
9,Brain Academy,Jakarta Barat - Kalideres,"Jl. Utan Jati No.19 Blk LB5, RT.8/RW.12, Kalideres, Kec. Kalideres, Kota Jakarta Barat, Daerah Khusus Ibukota Jakarta 11840",,BAC Kalideres,Jakarta Barat,Kalideres,,-6.1466195,106.7090822,SUCCESS
10,Brain Academy,Jakarta Selatan - Pasar Minggu,"Jl. Raya Pasar Minggu No.72 M, RT.12/RW.1, Pejaten Timur, Ps. Minggu, Kota Jakarta Selatan, Daerah Khusus Ibukota Jakarta 12740",,BAC Pasar Minggu,Jakarta Selatan,Pasar Minggu,"Maryo Khowijaya
Hilmy Bravianto Kartono",-6.2778928,106.8451711,SUCCESS
11,Brain Academy,Jakarta Selatan - Kebayoran Baru,"4, Jl. Kebayoran Baru No.7, RT.4/RW.7, Gunung, Kec. Kby. Baru, Kota Jakarta Selatan, Daerah Khusus Ibukota Jakarta 12120",,BAC Kebayoran Baru,Jakarta Selatan,Kebayoran Baru,"Belinda Ambarsari Arya Putri
Gabriella Clarissa
Salsabila Khairunnisa
Eka Utami
Nadindra Pradnya Puntodewo
Hilmy Bravianto Kartono
Mega Mariesta
Ekawati Sudjono",-6.239262099999999,106.7854153,SUCCESS
12,Brain Academy,Bekasi - Harapan Indah,"Ruko Sentra Niaga, Jl. Boulevard Hijau Raya No.3, RT.006/RW.009, Pejuang, Kec. Medan Satria, Kota Bks, Jawa Barat 17131",,BAC Harapan Indah,Bekasi,Harapan Indah,"Salsabila Khairunnisa
Jeremia Ferdinand Immanuel Kamagie
Rendy Kurniawan
Samantha Meliora",-6.1840006,106.9844625,SUCCESS
13,Brain Academy,Bekasi - Tambun,"Jl. Sultan Hasanudin No.263-265, Tambun, Kec. Tambun Sel., Kabupaten Bekasi, Jawa Barat 17510",,BAC Tambun,Bekasi,Tambun,,-6.2642073,107.0731091,SUCCESS
14,Brain Academy,Cibinong - Mayor Oking,"Jl. Raya Mayor Oking Jaya Atmaja No.122, Cirimekar, Kec. Cibinong, Kabupaten Bogor, Jawa Barat 16917",,BAC Mayor Oking,Cibinong,Mayor Oking,,-6.47317,106.8628484,SUCCESS
15,Brain Academy,Denpasar - Mahendradatta,"Jl. Mahendradatta No. A4 - A6, Desa Padangsambian, Kec. Denpasar Barat, Kota Denpasar 80119",,BAC Mahendradatta,Denpasar,Mahendradatta,,-8.6644347,115.189291,SUCCESS
16,Brain Academy,Klaten - Merbabu,"Jl. Merbabu No.2, Pondok, Klaten, Kec. Klaten Tengah, Kabupaten Klaten, Jawa Tengah 57411",,BAC Merbabu,Klaten,Merbabu,,-7.706515,110.597301,SUCCESS
17,Brain Academy,Jember - Sumbersari,"Jl. Jawa 21 A-B Kelurahan Sumbersari, Kec. Sumbersari, Kabupaten Jember, Jawa Timur 68121",,BAC Sumbersari,Jember,Sumbersari,,-8.169542,113.7149291,SUCCESS
18,Brain Academy,Tasikmalaya - Tentara Pelajar,"Jl. Tentara Pelajar no 129, Empangsari, Kec Tawang , Kab. Tasikmalaya, Jawa Barat 46113",,BAC Tentara Pelajar,Tasikmalaya,Tentara Pelajar,,-7.3290694,108.2229819,SUCCESS
19,Brain Academy,Purwokerto - Kombas,"Jl. Jendral Suprapto, Cigrobak, Purwokerto Lor, Kec. Purwokerto Tim., Kabupaten Banyumas, Jawa Tengah 53114",,BAC Kombas,Purwokerto,Kombas,,-7.4236899,109.2439029,SUCCESS
20,Brain Academy,Semarang - Banyumanik,"Ruko Taman Setiabudi, Jl. Sukun Raya Depan Gerbang Perumahan Setiabudi No.11 no 10, Srondol Wetan, Kec. Banyumanik, Kota Semarang, Jawa Tengah 50264",,BAC Banyumanik,Semarang,Banyumanik,Swastika Hasyim,-7.066114499999999,110.4186358,SUCCESS
21,Brain Academy,Magelang - Mertoyudan,"Ruko Nusantara, Jl. Magelang - Purworejo No.6 Blok R4, Glagah, Banjarnegoro, Kec. Mertoyudan, Kabupaten Magelang, Jawa Tengah 56172",,BAC Mertoyudan,Magelang,Mertoyudan,,-7.5135855,110.1959211,SUCCESS
22,Brain Academy,Cirebon - CSB Mall,"Ruko CSB - Komp. Office Park, Jl. DR. Cipto Mangunkusumo No.26, Pekiringan, Kec. Kesambi, Kota Cirebon, Jawa Barat 45131",,BAC CSB Mall,Cirebon,CSB Mall,,-6.7182514,108.5499088,SUCCESS
23,Brain Academy,Sidoarjo - Pondok Jati,"Jl Pondok Jati Blok B No. 1, Kelurahan Jati, Kecamatan Sidoarjo,Kabupaten Sidoarjo, Jawa Timur 61252",,BAC Pondok Jati,Sidoarjo,Pondok Jati Sidoarjo,"Fitria Wulan Sari
Agus Setiawan",-7.4467931,112.7022052,SUCCESS
24,Brain Academy,Kediri - Hasanudin,"Ruko Hasanudin Bisnis Centre, Jl. Hasanudin No.21 blok E, Dandangan, Kec. Kota, Kabupaten Kediri, Jawa Timur 64129",,BAC Hasanudin,Kediri,Hasanudin,,-7.811414799999999,112.0168593,SUCCESS
25,Brain Academy,Makassar - Hertasning,"Jl. Hertasning Bar. No.71, Bonto Makkio, Kec. Rappocini, Kota Makassar, Sulawesi Selatan 90222",,BAC Hertasning,Makassar,Hertasning,,-5.1674541,119.4463926,SUCCESS
26,Brain Academy,Prabumulih - Padat Karya,"Jl. Padat Karya No.333, Gn. Ibul, Kec. Prabumulih Tim., Kota Prabumulih, Sumatera Selatan 31146",,BAC Padat Karya,Prabumulih,Padat Karya,,-3.4169258,104.2675599,SUCCESS
27,Brain Academy,Dumai - Jenderal Sudirman,"Jl. Jendral Sudirman. 391. Kel. Dumai Timur, Dumai Kota, Kec. Dumai Kota, Kota Dumai, Riau",,BAC Jenderal Sudirman,Dumai,Jenderal Sudirman,,1.6789745,101.4484126,SUCCESS
28,Brain Academy,Padang - Tarandam,"Jl. Proklamasi No.48, Alang Laweh, Kec. Padang Sel., Kota Padang, Sumatera Barat 25133",,BAC Tarandam,Padang,Tarandam,,-0.9510149,100.3645969,SUCCESS
29,Brain Academy,Palopo - Andi Kambo,"Jalan Andi Kambo (ex.Merdeka) depan Hotel Value - Ruko No. 6 dan No. 7, Kelurahan Surutanga, Kecamatan Wara Timur, Kota Palopo , Kode Pos 91911",,BAC Andi Kambo,Palopo,Andi Kambo,,-3.0034479,120.2012723,SUCCESS
30,Brain Academy,Kendari - Abdullah Silondae,"Jl. Drs. H. Abdullah Silondae no. 1 . RT. 001/001, Korumba, Kec. Mandonga, Kota Kendari, Sulawesi Tenggara 93111",,BAC Abdullah Silondae,Kendari,Abdullah Silondae,,-3.9708239,122.515061,SUCCESS
31,Brain Academy,Jambi - Thehok,"Jl. Jend. Sudirman, Tambak Sari (Thehok), Kec. Jambi Sel., Kota Jambi, Jambi 36124",,BAC Thehok,Jambi,Thehok,,-1.6110842,103.6242775,SUCCESS
32,Brain Academy,Bengkulu - S. Parman,"Jl. S. Parman No 54 B-C, RT.13/RW.04, Penurunan, Kec. Ratu Samban, Kota Bengkulu, Bengkulu 38223",,BAC S. Parman,Bengkulu,S. Parman,,-3.7989326,102.2681986,SUCCESS
33,Brain Academy,Medan - Yos Sudarso,"Jl. Yos Sudarso No.12 GHI, RW. Lingk 11, Silalas, Kec. Medan Bar., Kota Medan, Sumatera Utara 2011",,BAC Yos Sudarso,Medan,Yos Sudarso Medan,Umi Kalsum,3.5275731,98.6972519,SUCCESS
34,Brain Academy,Medan - Letda Sujono,"Jl. Letda Sujono No.232-233, Bantan Tim., Kec. Medan Tembung, Kota Medan, Sumatera Utara 20223",,BAC Letda Sujono,Medan,Letda Sujono,,3.597750899999999,98.7106877,SUCCESS
35,Brain Academy,Bukittinggi - Jambu Air,"Jl. Jambu Air No. 82-83, Taluak Ampek Suku, Kec. Banuhampu, Kabupaten Agam, Sumatera Barat 26181",,BAC Jambu Air,Bukittinggi,Jambu Air,,-0.3257882,100.3845994,SUCCESS
36,Brain Academy,Bekasi - Jatiasih,Jl. Raya Jatiasih RT 009 RW 03. Kavling No 4-5. Jatirasa. Jatiasih. Kota Bekasi 17423,,BAC Jatiasih,Bekasi,Jatiasih,,-6.2847901,106.968719,SUCCESS
37,Brain Academy,Jakarta Barat - Kemanggisan,"Jl. Kemanggisan Raya No.42, RT.5/RW.9, Kemanggisan, Kec. Palmerah, Kota Jakarta Barat, Daerah Khusus Ibukota Jakarta 11480",,BAC Kemanggisan,Jakarta Barat,Kemanggisan,"Widi Alya Zhafira
Mega Mariesta",-6.189714599999999,106.7860953,SUCCESS
38,Brain Academy,Jakarta Selatan - Fatmawati,"Jl. Fatmawati Raya No.24, Cilandak, 12430",,BAC Fatmawati,Jakarta Selatan,Fatmawati,"Ekawati Sudjono
Stephanie Malta",-6.284027699999999,106.7964762,SUCCESS
39,Brain Academy,Jakarta Timur - Rawamangun,Jl Paus No 10E & 10F. Rawamangun. Pulo Gadung. Jakarta Timur. DKI Jakarta 13220,,BAC Rawamangun,Jakarta Timur,Rawamangun,Muhammad Asadullah Al Ghozi,-6.1946602,106.8911245,SUCCESS
40,Brain Academy,Jakarta Timur - Duren Sawit,"Jl. Raden Inten Il No.66, RW.7, Duren Sawit, Kec. Duren Sawit. Kota Jakarta Timur. Daerah Khusus Ibukota Jakarta 13440",,BAC Duren Sawit,Jakarta Timur,Duren Sawit,"Stephanie Malta
Mayranda Amin
Muhammad Asadullah Al Ghozi",-6.2445292,106.9199265,SUCCESS
41,Brain Academy,Tangerang Selatan - Golden Madrid,"Komplek ruko Golden Madrid 1 No. A-06, Rawa Buntu, Serpong, Tangerang Selatan, Banten 15411",,BAC Golden Madrid,Tangerang Selatan,Golden Madrid,"Fikri Dwi Firmansah 
Dian Marhamah",-6.3037908,106.6856888,SUCCESS
42,Brain Academy,Bekasi - Summarecon,"Jl. Bulevar Selatan Blok UA No. 29, RT.004/RW.011, Marga Mulya, Kec. Bekasi Utara, Kota Bks, Jawa Barat 17143",,BAC Summarecon,Bekasi,Summarecon,Rendy Kurniawan,-6.2272018,107.0047557,SUCCESS
43,Brain Academy,Bogor - Sawojajar,"Jl. Sawojajar No.21, Pabaton, Kecamatan Bogor Tengah, Kota Bogor, Jawa Barat 16121",,BAC Sawojajar,Bogor,Sawojajar,"Riri Wiyanti Retnaningtyas
Yulinar Amalia Masfufah
Aditya Rizky Wibisono Sapran
Bagas Nadiansah",-6.5883201,106.7945703,SUCCESS
44,Brain Academy,Depok - Pancoran Mas,"Jl Nusantara Raya 155. Depok Jaya. Pancoran Mas, Kota Depok 16432",,BAC Pancoran Mas,Depok,Pancoran Mas,,-6.3961127,106.8142526,SUCCESS
45,Brain Academy,Cibinong - Karadenan,Jl Karadenan No 38. Sukahati. Cibinong. Bogor. Jawa Barat 16913,,BAC Karadenan,Cibinong,Karadenan,,-6.5129962,106.8074369,SUCCESS
46,Brain Academy,Serang - Kebon Jahe,"Ruko Cristal Kebon Jahe, Jln. Raya Serang Pandeglang KM 1 Link Kebon Jahe RT 004 RW 014 Kelurahan Cipare, Kebon Jahe, Kec. Serang, Kota Serang, Banten 42117",,BAC Kebon Jahe,Serang,Kebon Jahe,,-6.1261234,106.1585311,SUCCESS
47,Brain Academy,Bandung - Buahbatu,"Jl. Buah Batu no 50, Burangrang, Kec Lengkong Kota Bandung. Jawa Barat 40262",,BAC Buahbatu,Bandung,Buah Batu,"Glory Euodia
Alya Birzana Devi
Mochamad Edwin Iskandar
Sylva Adisty
Ervien Noviyanti
Ihsan Nur Iman Faris
Siti Aisyah",-6.932407299999999,107.6181089,SUCCESS
48,Brain Academy,Bandung - Pajajaran,"Jl. Abdul Rahman Saleh No. 50, Kec. Cicendo, Bandung, 40174",,BAC Pajajaran,Bandung,Padjajaran Bandung,"Admiral Indra Supardan
Alya Birzana Devi
Ihsan Nur Iman Faris",-6.907467599999999,107.5825306,SUCCESS
49,Brain Academy,Yogyakarta - Wirobrajan,Jl. HOS Cokroaminoto No. 77. Pakuncen. Wirobraian. D.I. Yogyakarta 55253,,BAC Wirobrajan,Yogyakarta,Wirobrajan,"Muhammad Reza
Abdurrahman Muhammad Fikri Rasdi ",-7.796554899999999,110.3525873,SUCCESS
50,Brain Academy,Semarang - Pandanaran,"Jl. Pandanaran No.99A, Mugassari. Kec. Semarang Sel.. Kota Semarang. Jawa Tengah 50249",,BAC Pandanaran,Semarang,Pandanaran,,-6.987409899999999,110.416276,SUCCESS
51,Brain Academy,Solo - Gajahmada,"Jl. Gajahmada No.123B, Punggawan, Kec. Banjarsari, Kota Surakarta, Jawa Tengah 57132",,BAC Gajahmada,Solo,Solo Gajahmada,"Satrio Titan Samudera Koraag
Hendy Darian",-7.560285899999999,110.8193041,SUCCESS
52,Brain Academy,Surabaya - Kusuma Bangsa,Jl. Kusuma Bangsa No.74. Ketabang. Kec. Genteng. Kota SBY. Jawa Timur 60272,,BAC Kusuma Bangsa,Surabaya,Kusuma Bangsa,"Brillin Yapply
Agus Setiawan
Nabilla Ratna
Nabila Ratna
Grace Melody",-7.256808100000001,112.7508372,SUCCESS
53,Brain Academy,Surabaya - Jemursari,"Jl. Raya Jemursari No.15, Wonocolo, Jawa Timur, 60239",,BAC Jemursari,Surabaya,Jemursari,,-7.320388199999999,112.7460702,SUCCESS
54,Brain Academy,Malang - Klojen,"Jl. Bandung No.14. Penanggungan, Kec. Klojen. Kota Malang, Jawa Timur 65111",,BAC Klojen,Malang,Klojen,"Wardah Nabilah
Riri Wiyanti Retnaningtyas
Bagas Nadiansah
Yulinar Amalia Masfufah
Brian Shaquella",-7.9615556,112.6242493,SUCCESS
55,Brain Academy,Denpasar - Melati,"Jl. Melati No.67, Dangin Puri. Kec. Denpasar Tim.. Kota Denpasar, Bali 80233",,BAC Melati,Denpasar,Melati,,-8.653981,115.222374,SUCCESS
56,Brain Academy,Makassar - Cendrawasih,"Jl Cendrawasih No. 12, Kel. Kunjungmae, Kec. Mariso, Kota Makassar Kode Pos 90125",,BAC Cendrawasih,Makassar,Cendrawasih,,-5.1879785,119.4702425,SUCCESS
57,Brain Academy,Makassar - Perintis,"Jl Perintis KM. 9 No. 57 A, Kel. Tamalanrea Jaya, Kec. Tamalanrea, Kota Makassar",,BAC Perintis,Makassar,Perintis,,-5.1412793,119.4879385,SUCCESS
58,Brain Academy,Medan - S. Parman,"Komplek Crown Center, Jl. S. Parman No.18-20, Petisah Hulu, Medan Petisah, Medan City, North Sumatra 20152",,BAC S. Parman,Medan,S. Parman ,,3.5816022,98.6676758,SUCCESS
59,Brain Academy,Palembang - Bukit Lama,"Jalan Srijaya Negara No. 27 D-E RT.35 RW.11 Bukit Lama, Kelurahan demang Lebar, Kecamatan Ilir Barat I Kota Palembang, Sumatera Selatan 30139",,BAC Bukit Lama,Palembang,Bukit Lama,,-2.9880679,104.7328312,SUCCESS
60,Brain Academy,Palembang - Basuki Rahmat,"Jl. Jend. Basuki Rachmat No.56 A-B, Ario Kemuning, Kec. Kemuning, Kota Palembang, Sumatera Selatan 30151",,BAC Basuki Rahmat,Palembang,Basuki Rahmat,,-2.9537582,104.7467036,SUCCESS
61,Brain Academy,Padang - S. Parman,"Jl. S. Parman No.145, Ulak Karang Selatan Kota Padang. Sumatera Barat 25134",,BAC S. Parman,Padang,S. Parman,,-0.9154164,100.3499964,SUCCESS
62,Brain Academy,Banjarmasin - Gatot Subroto,"Jl. Gatot Subroto No.17, Kebun Bunga, Kota Banjarmasin, Kalimantan Selatan 70237",,BAC Gatot Subroto,Banjarmasin,Gatot Subroto,,-3.325298,114.6173662,SUCCESS
63,Brain Academy,Manado - Wenang Selatan,"Jl. Sam Ratulangi No.88, Kec. Wenang, 95111",,BAC Wenang Selatan,Manado,Wenang Selatan,,1.481366,124.8365651,SUCCESS
64,Brain Academy,Pontianak - MT Haryono,"Jalan MT Haryono No.27, Akcaya, Kecamatan Pontianak Selatan, Kota Pontianak, Kalimantan Barat 78113",,BAC MT Haryono,Pontianak,MT Haryono,,-0.0467253,109.3333087,SUCCESS
65,Brain Academy,Banda Aceh - Teuku Nyak Arief,"Jl. Teuku Nyak Arief No.1-2, Desa Lamgugob, Kecamatan Syiah Kuala, Provinsi Aceh, 23115",,BAC Teuku Nyak Arief,Banda Aceh,Teuku Nyak Arief,,5.5710647,95.3584946,SUCCESS
66,Brain Academy,Pekanbaru - Mustika,Jl. Mustika No.45. Sumahilang. Kec. Pekanbaru Kota. Kota Pekanbaru. Riau 28156,,BAC Mustika,Pekanbaru,Mustika,,0.5211191,101.4501499,SUCCESS
67,Brain Academy,Pekanbaru - Soekarno Hatta,"Jl. Soekarno Hatta, no.31-32, kel. Labuh Baru Barat, Kec. Payung Sekaki, Kota Pekanbaru, Riau. 28292",,BAC Soekarno Hatta,Pekanbaru,Soekarno Hatta,,0.5158423999999999,101.4192778,SUCCESS
68,Brain Academy,Bandar Lampung - Sumur Batu,"Jl. Diponegoro No.129, Sumur Batu, Kec. Teluk. Betung Utara, 35212",,BAC Sumur Batu,Bandar Lampung,Sumur Batu,,-5.4372438,105.2653721,SUCCESS
69,Brain Academy,Pematangsiantar - Sutomo,"Jl. Sutomo NO 8 K-LProklamasi, Kec. Siantar Barat, Kota Pematang Siantar, Sumatera Utara 21144",,BAC Sutomo,Pematangsiantar,Sutomo,,2.9550633,99.06222299999999,SUCCESS
70,Brain Academy,Balikpapan - Sungai Ampal,"Jl. Sungai Ampal No.114 Kecamatan Balikpapan Tengah, Kelurahan Sumber Rejo, Kota Balikpapan, Provinsi Kalimantan Timur, 76114",,BAC Sungai Ampal,Balikpapan,Sungai Ampal,,-1.2470574,116.8537584,SUCCESS
71,Brain Academy,Tangerang - Citra Raya,"Ruko green sevila Blok V.01 Nomor 255-257, Ciakar, Kec. Panongan, Kabupaten Tangerang, Banten 15711",,BAC Citra Raya,Tangerang,Citra Raya,,-6.320635299999999,106.4205891,SUCCESS
72,Brain Academy,Madiun - Sutomo,"Jl. Dr. Sutomo No.9, Madiun Lor, Kec. Manguharjo, Kota Madiun, Jawa Timur 63122",,BAC Sutomo,Madiun,Sutomo,,-7.6202388,111.5245248,SUCCESS
73,Brain Academy,Bekasi - Galaxy,"Jl. Pulo Ribung 1-6, RT.001/RW.019, Jaka Setia, Kec. Bekasi Sel., Kota Bks, Jawa Barat 17147",,BAC Galaxy,Bekasi,Galaxy,"Mayranda Amin
Samantha Meliora
Rendy Kurniawan",-6.2669276,106.971831,SUCCESS
74,Brain Academy,Sumedang - Prabu Geusan Ulun,"Jl. Prabu Geusan Ulun No.111, Regol Wetan, Kec. Sumedang Sel., Kabupaten Sumedang, Jawa Barat 45311",,BAC Prabu Geusan Ulun,Sumedang,Prabu Geusan Ulun,,-6.852543799999999,107.9225148,SUCCESS
75,Brain Academy,Mojokerto - Jayanegara,"Jl. Jayanegara, Kel. Banjaragung, Kec. Puri, Kabupaten Mojokerto, Jawa Timur 61363",,BAC Jayanegara,Mojokerto,Jayanegara,,-7.4859165,112.4397994,SUCCESS
76,Brain Academy,Manado - Sario,Jl. R.W. Mongisidi 19D. Kecamatan Sario Tumpaan Kecamatan Sario Kota Manado. Propinsi Sulawesi Utara. 95114,,BAC Sario,Manado,Sario,,1.463629,124.8295146,SUCCESS
77,Brain Academy,Jakarta Barat - Kebon Jeruk,"Jl. Lapangan Bola No.6, RT.7/RW.1, Kb. Jeruk, Kec. Kb. Jeruk, Kota Jakarta Barat, Daerah Khusus Ibukota Jakarta 11530",,BAC Kebon Jeruk,Jakarta Barat,Kebon Jeruk,"Dian Marhamah
Gabriella Clarissa
Mega Mariesta
Syifa Syauqina
Desylionie Onggani Winata
Vira Aulia
WIdi Alya Zhafira",-6.1972628,106.7662703,SUCCESS
78,Brain Academy,Jakarta Utara - Sunter,"Jl. Danau Sunter Utara blok D1 no 9C, Kelurahan Sunter, Kecamatan Tanjung Priok. Jakarta Utara 14350",,BAC Sunter,Jakarta Utara,Sunter,Samantha Meliora,-6.1383433,106.8648169,SUCCESS
79,Brain Academy,Jambi - Sipin,"Jl. Kapten Pattimura no. 47 rt. 01 Kec. Kota Baru, Kota Jambi, Jambi 36361",,BAC Sipin,Jambi,Sipin,,-1.6209028,103.5858595,SUCCESS
80,Brain Academy,Toraja Utara - Poros Bolu,"Jl. Poros Bolu - Rantepao (Samping SPBU Pasar Bolu), Tallunglipu Matalo, Tallunglipu, Kabupaten Toraja Utara, Sulawesi Selatan 91832, Indonesia",,BAC Poros Bolu,Toraja Utara,Poros Bolu,,-2.959364,119.9135181,SUCCESS
81,Brain Academy,Bogor - Kota Wisata,"Ruko Madison SHC2/19 Kota Wisata Cibubur, kec Gunung Putri, Kab Bogor, Jawa Barat 16967",,BAC Kota Wisata,Bogor,Kota Wisata,"Adzkia Kurnia Khairunnisa
Rendy Kurniawan
Daffa Ilhamnur Wachman",-6.38932,106.94628,SUCCESS
82,Brain Academy,Mataram - Pendidikan,"Jl. Pendidikan No.45, Dasan Agung Baru, Kec. Selaparang, Kota Mataram, Nusa Tenggara Bar. 83126",,BAC Pendidikan,Mataram,Pendidikan,,-8.581648099999999,116.0901385,SUCCESS
83,Brain Academy,Samarinda - Pahlawan,"Jl. Pahlawan No. 10 D&E depan SMK 1 Samarinda. Kelurahan Dadimulya, Kec. Samarinda Ulu, 75242",,BAC Pahlawan,Samarinda,Pahlawan,,-0.4877269999999999,117.147159,SUCCESS
84,Brain Academy,Solo - Adi Sucipto,"Jl. Adi Sucipto No.120, Jajar, Kec. Laweyan, Kota Surakarta, Jawa Tengah 57144",,BAC Adi Sucipto,Solo,Adi Sucipto,,-7.5503719,110.7896553,SUCCESS
85,Brain Academy,Bogor - Metland Cileungsi,"Jl. Kota Taman Metropolitan no. 17D, RT. 004/RW.001, Kelurahan Limusnunggal, Kecamatan Cileungsi, Kabupaten Bogor, Jawa Barat 16820",,BAC Metland Cileungsi,Bogor,Metland Cileungsi,Freddy Bramantio,-6.3977599,106.9726881,SUCCESS
86,Brain Academy,Karawang - Cikampek,"Jl. Ir. Haji Juanda no.88, Kelurahan Cikampek Timur, Kecamatan Cikampek, Kota Karawang, Jawa Barat 41373",,BAC Cikampek,Karawang,Cikampek,,-6.414792,107.465945,SUCCESS
87,Brain Academy,Jayapura - Padang Bulan,"Ruko Warna Warni no. 9, Jl. Raya Sentani - Padang Bulan, Kampung Waena, Kelurahan Kota Baru Distrik Abepura, Kecamatan Heram, Kota Jayapura 99351",,BAC Padang Bulan,Jayapura,Padang Bulan,,-2.6068242,140.6485484,SUCCESS
88,Brain Academy,Surabaya - Ngagel,"Jl. Ngagel Jaya 21B, RT 005/RW 001, Kelurahan Pucang Sewu, Kecamatan Gubeng, Kota Surabaya, Jawa Timur 60283",,BAC Ngagel,Surabaya,Ngagel Surabaya,"Brillin Yapply
Nabilla Ratna
Agus Setiawan",-7.2883956,112.7560839,SUCCESS
89,Brain Academy,Tasikmalaya - Singaparna,"Jl. Doser, Cipakat, Kec. Singaparna, Kabupaten Tasikmalaya, Jawa Barat 46417",,BAC Singaparna,Tasikmalaya,Singaparna,,-7.3522458,108.124254,SUCCESS
90,Brain Academy,Gresik - Usman Sadar,"Jl. Usman Sadar No. 147, Ngipik, Sukorame, Kec. Gresik, Kabupaten Gresik, Jawa Timur. 61116",,BAC Usman Sadar,Gresik,Usman Sadar,,-7.1551719,112.6501317,SUCCESS
91,Brain Academy,Jakarta Timur - Ciracas,"Komplek Ruko 64, Jl. Raya Lap. Tembak - Cibubur No.64, RT.3/RW.2, Cibubur, Kec. Ciracas, Kota Jakarta Timur, Daerah Khusus Ibukota Jakarta 13720",,BAC Ciracas,Jakarta Timur,Ciracas,"Muhammad Asadullah Al Ghozi
Tazkia Khansa Farhani",-6.2126204,106.9434084,SUCCESS
92,Brain Academy,Blitar - Bung Karno,"Jl. Kalimantan RT 003/RW 002, Kelurahan Sananwetan, Kecamatan Sananwetan, Kota Blitar, Jawa Timur 66137",,BAC Bung Karno,Blitar,Bung Karno,,-8.104384,112.1809851,SUCCESS
93,Brain Academy,Tangerang Selatan - BSD Boulevard,"Blok F, BSD City, Ruko Tol Boulevard, Jl. Kapten Soebijanto Djojohadikusumo No.6, RT.: 005/RW.: 010, Rw. Buntu, Kec. Serpong, Kota Tangerang Selatan, Banten 15318",,BAC BSD Boulevard,Tangerang Selatan,BSD Boulevard,"Dian Marhamah
Irsalina Fathimah
Fikri Dwi Firmansah ",-6.302380599999999,106.6688763,SUCCESS
94,Brain Academy,Tangerang Selatan - Pamulang,"Jl. Pajajaran No 2&3, RW.3, Pamulang Barat, Kec. Pamulang, Kota Tangerang Selatan, Banten 15417",,BAC Pamulang,Tangerang Selatan,Pamulang,Belinda Ambarsari Arya Putri,-6.3385897,106.7389373,SUCCESS
95,Brain Academy,Gianyar - Dharma giri,Jl. By Pass Dharma Giri sebelah Utara Pengadilan Agama Gianyar. Kelurahan Gianyar. Kecamatan Gianyar Bali. Bali 80515,,BAC Dharma giri,Gianyar,Dharma giri,,-8.546904399999999,115.314407,SUCCESS
96,Brain Academy,Gowa - Sungguminasa,"Ruko Yasmin Square, Jl. Tumanurung No.15, Kalegowa, Kec. Somba Opu, Kabupaten Gowa, Sulawesi Selatan 92114",,BAC Sungguminasa,Gowa,Sungguminasa,,-5.1989502,119.4492819,SUCCESS
97,Brain Academy,Makassar - Sudiang,"Jl. Perintis Kemerdekaan No.62, Ruko 11, Pai, Kec. Biringkanaya, Kota Makassar, Sulawesi Selatan 90242",,BAC Sudiang,Makassar,Sudiang,,-5.0756232,119.5223412,SUCCESS
98,Brain Academy,Bandung - Kopo,"Jl. Terusan Kopo Ruko No. 366 F, Kabupaten Bandung, Jawa Barat 40226",,BAC Kopo,Bandung,Kopo,,-6.9758766,107.5646915,SUCCESS
99,Brain Academy,Banda Aceh - Jambo Tape,"Jl. Syiah Kuala No.12, Bandar Baru, Kec. Kuta Alam, Kota Banda Aceh, Aceh 23126",,BAC Jambo Tape,Banda Aceh,Jambo Tape,,5.5620237,95.3302113,SUCCESS
100,Brain Academy,Polewali Mandar - Andi Depu,"Jl. H. Andi Depu, Takatidung, Kec. Polewali, Kabupaten Polewali Mandar, Sulawesi Barat 91311",,BAC Andi Depu,Polewali Mandar,Andi Depu,,-3.4210094,119.3253104,SUCCESS
101,Brain Academy,Bandung - Antapani,"Jl. Terusan Jakarta No.30I, Cicaheum, Kec. Kiaracondong, Kota Bandung, Jawa Barat 40281",,BAC Antapani,Bandung,Antapani,"Michael Suhendra
Mochamad Edwin Iskandar
Ervien Noviyanti",-6.9132903,107.6495712,SUCCESS
102,Brain Academy,Surabaya - Wiyung,"Ruko Taman Pondok Indah no. 12, Kel. Wiyung, Kec. Wiyung, Kota Surabaya, Jawa Timur 60228",,BAC Wiyung,Surabaya,Wiyung,,-7.3156361,112.696698,SUCCESS
103,Brain Academy,Palu - Jenderal Sudirman,"Jl. Sudirman, Lolu Utara, Kec. Palu Sel., Kota Palu, Sulawesi Tengah 94111",,BAC Jenderal Sudirman,Palu,Jenderal Sudirman,,-0.896404,119.8691911,SUCCESS
104,Brain Academy,Palembang - Kenten,"Jl. MP. Mangkunegara No.432 (K), RT.005 RW.001 Kel. Bukit Sangkal Kec. Kalidoni, Kota Palembang, Sumatera Selatan 30114",,BAC Kenten,Palembang,Kenten,,-2.9452601,104.7675213,SUCCESS
105,Brain Academy,Bukittinggi - Manggis Ganting,"Jl. Soekarno - Hatta No 2, Rt 001, Rw 04, Kel. Manggis Ganting, Kec. Mandiangin Koto Selayan, Bukittingi. Sumatera Barat 28117",,BAC Manggis Ganting,Bukittinggi,Manggis Ganting,,-0.2988295,100.3776746,SUCCESS
106,Brain Academy,Pekanbaru - Panam,"Jl. Hr. Subrantas KM.10,5 No. 2 RT.4 RW.12. Kel.Tobek Godang, Kec. Binawidya. Kota Pekanbaru, Provinsi Riau, Indonesia 28294",,BAC Panam,Pekanbaru,Panam,,0.4631873,101.3982376,SUCCESS
107,Brain Academy,Semarang - Majapahit,"Jl. Kedungmundu Raya RT 001; RW 005, Kecamatan Tembalang, Kelurahan Sendangmulyo, Semarang 50272",,BAC Majapahit,Semarang,Majapahit,,-7.0248631,110.4674771,SUCCESS
108,Brain Academy,Binjai - Veteran,"Jl. Veteran no 2 Tangsi, Kec. Binjai Kota, Kota Binjai, Sumatera Utara 20714",,BAC Veteran,Binjai,Veteran,,3.603691,98.48135599999999,SUCCESS
109,Brain Academy,Palembang - Seberang Ulu,"Jl. KH. Rasyid Sidik No. 50D/50C, Rt 009, Rw 002 Kel. 8 Ulu, Kec. Jakabaring. Kota Palembang 30111",,BAC Seberang Ulu,Palembang,Seberang Ulu,,-3.0007159,104.7673766,SUCCESS
110,Brain Academy,Purwakarta - Martadinata,"Jl. Laks. Laut RE. Martadinata No.82b, Nagri Kidul, Kec. Purwakarta, Kabupaten Purwakarta, Jawa Barat 41111",,BAC Martadinata,Purwakarta,Martadinata,,-6.5581802,107.4437782,SUCCESS
111,Brain Academy,Bandar Lampung - Rajabasa,"Jl. ZA Pagar Alam 34 H-I, Kelurahan Gedung Meneng, Kecamatan Rajabasa, Kota Bandar Lampung, Lampung 35144",,BAC Rajabasa,Bandar Lampung,Rajabasa,,-5.375126,105.244412,SUCCESS
112,Brain Academy,Subang - Otista,"Jl. Otista RT 041/011, Kel. Karanganyar, Kec. Subang, Kab. Subang, Jawa Barat 41211",,BAC Otista,Subang,Otista,,-6.561568,107.7687477,SUCCESS
113,Brain Academy,Bandung - MTC,"Komplek Metro Trade Centre blok B37 dan B38, Jl. Soekarno Hatta, Kelurahan Sekejati, Kecamatan Buahbatu, Bandung, Jawa Barat 40286",,BAC MTC,Bandung,MTC Bandung,"Siti Aisyah
Maudina Wilwatikta",-6.941662099999999,107.6590279,SUCCESS
114,Brain Academy,Bone - Ahmad Yani,"Jl. Jend. Ahmad Yani No.Kel, Jeppee, Kec. Tanete Riattang Bar., Kabupaten Bone, Sulawesi Selatan 92711",,BAC Ahmad Yani,Bone,Ahmad Yani,,-4.5401436,120.3195158,SUCCESS
115,Brain Academy,Medan - Johor,"Jl. Karya Wisata Komplek J city no D 37 - 38, Pangkalan masyur, Kec Medan Johor, Kota Medan, Sumatera Utara 2014",,BAC Johor,Medan,Johor,,3.5356483,98.65994040000001,SUCCESS
116,Brain Academy,Jakarta Selatan - Petukangan,"Jl. Ciledug Raya no. 5, RT.004 RW.003, Petukangan Selatan, Pesanggrahan, Jakarta Selatan, DKI Jakarta 12270",,BAC Petukangan,Jakarta Selatan,Petukangan,,-6.238184,106.748846,SUCCESS
117,Brain Academy,Depok - Cinere,"Ruko Pasar Segar Cinere Blok RA. 3, Jl. Cinere Raya no.145, Cinere, Kec. Cinere, Kota Depok, Jawa Barat 16514",,BAC Cinere,Depok,Cinere,Adzkia Kurnia Khairunnisa,-6.332773700000001,106.7841726,SUCCESS
118,Brain Academy,Denpasar - Jimbaran,"Jl. Uluwatu no 46, Jimbaran, Kuta Selatan, Kab. Badung (Jimbaran Arcade C), Bali 80361",,BAC Jimbaran,Denpasar,Jimbaran,,-8.782285,115.1673793,SUCCESS
119,Brain Academy,Lubuk Pakam - Tengku Raja Muda,Jl. Tengku Raja muda no 3 A - B kel Lubuk Pakam I/II kec Lubuk Pakam Kab Deli Serdang 20517,,BAC Tengku Raja Muda,Lubuk Pakam,Tengku Raja Muda,,3.5578619,98.8686767,SUCCESS
120,Brain Academy,Padang - Gajah Mada,"Jl. Gajah Mada Kp. Olo, Gunung. Kelurahan Pangilun, Kecamatan Nanggalo, Kota Padang, Sumatera Barat 25173",,BAC Gajah Mada,Padang,Gajah Mada,,-0.9079972,100.3661843,SUCCESS
121,Brain Academy,Boyolali - Merdeka,"Jl. Merdeka Timur, Kemiri, Kec. Mojosongo, Kabupaten Boyolali, Jawa Tengah 57321",,BAC Merdeka,Boyolali,Merdeka,,-7.5447046,110.6123397,SUCCESS
122,Brain Academy,Bantul - Gose,"Jl. Kh Wahid Hasyim no.73, Taskombang, Ringinharjo, Kec. Bantul, Kabupaten Bantul, Daerah Istimewa Yogyakarta 55713",,BAC Gose,Bantul,Gose,,-7.897250599999999,110.3231292,SUCCESS
123,Brain Academy,Kisaran - Dr. Wahidin,"Jl. Dr. Wahidin No.67, Tegal Sari, Kec. Kota Kisaran Barat, Kabupaten Asahan, Sumatera Utara 21211",,BAC Dr. Wahidin,Kisaran,Dr. Wahidin,,2.9826958,99.6218651,SUCCESS
124,Brain Academy,Malang - Sawojajar,"Jl. Danau Toba G1-E22 , Kelurahan Sawojajar, Kecamatan Kedungkandang, Kota Malang, Jawa Timur 65139",,BAC Sawojajar,Malang,Sawojajar,"Riri Wiyanti Retnaningtyas
Yulinar Amalia Masfufah
Aditya Rizky Wibisono Sapran
Bagas Nadiansah",-7.9804793,112.6568024,SUCCESS
125,Brain Academy,Salatiga - Moh. Yamin,"Jl. Prof. Muh Yamin No.7 Kel. Salatiga, Kec. Sidorejo, Kota Salatiga, Jawa Tengah 50711",,BAC Moh. Yamin,Salatiga,Moh. Yamin,,-7.325446899999998,110.5029146,SUCCESS
126,Brain Academy,Rantau Prapat - Ahmad Yani,"Jl. Ahmad Yani No 104A-B, Bakaran Batu, Kec. Rantau Sel., Kab. Labuhanbatu, Sumatera Utara 21411",,BAC Ahmad Yani,Rantau Prapat,Ahmad Yani,,2.0930066,99.83720269999999,SUCCESS
127,Brain Academy,Magelang - Diponegoro,"Jl. Pangeran Diponegoro no.54, Kelurahan Cacaban, Kecamatan Magelang Tengah, Kota Magelang, Jawa Tengah 56121",,BAC Diponegoro,Magelang,Diponegoro,,-7.481417899999999,110.2141775,SUCCESS
128,Brain Academy,Tangerang - Karawaci,"Jl. Karet Raya no. 26-28, Kelurahan Cibodasari, Kecamatan Cibodas, Kota Tangerang, Banten 15138",,BAC Karawaci,Tangerang,Karawaci,,-6.2101254,106.6115471,SUCCESS
129,Brain Academy,Kuningan - Siliwangi,"Jl. Siliwangi No.176, Purwawinangun, Kec. Kuningan, Kab. Kuningan, Jawa Barat 45511",,BAC Siliwangi,Kuningan,Siliwangi,,-6.9739865,108.4852278,SUCCESS
130,Brain Academy,Pekanbaru - Imam Munandar,"JI. Imam Munandar No.388A, Tengkerang Labuai, Kec. Bukit Raya, Kota Pekanbaru, Riau 28126",,BAC Imam Munandar,Pekanbaru,Imam Munandar,,0.4988619,101.4796176,SUCCESS
131,Brain Academy,Banjarbaru - Ahmad Yani,"Jl. A. Yani KM. 35 Ruko No. 2 - 3, Kelurahan Loktabat Sel, Kecamatan Banjarbaru Selatan, Kota Banjar Baru, Kalimantan Selatan 70714",,BAC Ahmad Yani,Banjarbaru,Ahmad Yani,,-3.4420631,114.8307474,SUCCESS
132,Brain Academy,Banjarmasin - Hasan Bashri,"Jl. Bridgen H. Hasan Basri no. 1 , Kayu Tangi, Kelurahan Pangeran, Kecamatan Banjarmasin Utara, Kota Banjarmasin, Kalimantan Selatan 70124",,BAC Hasan Bashri,Banjarmasin,Hasan Bashri,,-3.2954917,114.5872454,SUCCESS
133,Brain Academy,Jakarta Barat - Cengkareng,"Jl. Raya Kresek, RT.9/RW.13, Kelurahan Duri Kosambi, Kecamatan Cengkareng, Kota Jakarta Barat, Daerah Khusus Ibukota Jakarta 11750",,BAC Cengkareng,Jakarta Barat,Cengkareng,,-6.1753498,106.7068493,SUCCESS
134,Brain Academy,Yogyakarta - Sagan,"Ruko Sagan Square, Jl. Prof. Herman Yohanes, Kelurahan Terban, Kecamatan Gondokusuman, Kota Yogyakarta, Daerah Istimewa Yogyakarta 55223",,BAC Sagan,Yogyakarta,Sagan Yogyakarta,Muhammad Reza,-7.7814586,110.3791722,SUCCESS
135,Brain Academy,Tegal - Cokroaminoto,"Jl. Hos Cokroaminoto no. 63, Pekauman, Kecamatan Tegal Barat, Kota Tegal, Jawa Tengah 52125",,BAC Cokroaminoto,Tegal,Cokroaminoto,,-6.8666182,109.1342719,SUCCESS
136,Brain Academy,Tulungagung - Dr. Wahidin,"Jl. Dr. Wahidin Sudirohusodo, Kelurahan Kenayan, Kecamatan Tulungagung, Kabupaten Tulungagung, Jawa Timur 66229",,BAC Dr. Wahidin,Tulungagung,Dr. Wahidin,,-8.0557198,111.9117734,SUCCESS
137,Brain Academy,Batam - Batam Center,"Komplek Mahkota Raya Blok A no.16, Teluk Tering, Kecamatan Batam Kota, Kota Batam, Kepulauan Riau 29444",,BAC Batam Center,Batam,Batam Center,,1.1567736,104.0358453,SUCCESS
138,Brain Academy,Jakarta Selatan - Tebet,"Jl. Tebet Raya no. 67, RT.09/RW.01, Kelurahan Tebet Timur, Kecamatan Tebet, Kota Jakarta Selatan, Daerah Khusus Ibukota Jakarta 12820",,BAC Tebet,Jakarta Selatan,Tebet,"Widi Alya Zhafira
Muhammad Asadullah Al Ghozi",-6.2300477,106.8517477,SUCCESS
139,Brain Academy,Banyuwangi - Brawijaya,"Jl. Brawijaya II, Kelurahan Mojopanggung, Kecamatan Giri, Kabupaten Banyuwangi, Jawa Timur 68416",,BAC Brawijaya,Banyuwangi,Brawijaya,,-8.2183237,114.3539215,SUCCESS
140,Brain Academy,Probolinggo - Slamet Riyadi,"Jl. Slamet Riyadi no.3A RT.01 / RW.13, Kelurahan Kanigaran, Kecamatan Kanigaran, Kota Probolinggo, Jawa Timur 67213",,BAC Slamet Riyadi,Probolinggo,Slamet Riyadi,,-7.7681817,113.2125537,SUCCESS
141,Brain Academy,Malang - Kepanjen,"Jl. Kawi no. 89 RT. 004 / RW. 005, Kelurahan Kepanjen, Kecamatan Kepanjen, Kabupaten Malang, Jawa Timur 65163",,BAC Kepanjen,Malang,Kepanjen,,-8.1298493,112.5649557,SUCCESS
142,Brain Academy,Sragen - Sukowati,"Jl. Sukowati No.348, Kebayan 1, Kelurahan Sragen Kulon, Kecamatan Sragen, Kabupaten Sragen, Jawa Tengah 57211",,BAC Sukowati,Sragen,Sukowati,,-7.429151600000001,111.0142174,SUCCESS
143,Brain Academy,Wonogiri - Gajahmungkur,"Jl. Pelem 1, Kajen, Giripurwo, Kec. Wonogiri, Kabupaten Wonogiri, Jawa Tengah 57611",,BAC Gajahmungkur,Wonogiri,Gajahmungkur,,-7.8168436,110.9259484,SUCCESS
144,Brain Academy,Sukoharjo - Veteran,"Jl. Veteran RT 002/RW 007, Kelurahan Jetis, Kecamatan Sukoharjo, Kabupaten Sukoharjo, Jawa Tengah 57511",,BAC Veteran,Sukoharjo,Veteran,,-7.6820167,110.837661,SUCCESS
145,Brain Academy,Bogor - Braja Mustika,"Komplek Ruko Braja Mustika tahap 1, Jl. Dr. Sumeru Blok B.15. RT 002 / RW 001, Kelurahan Menteng, Kecamatan Bogor Barat, Kota Bogor, Jawa Barat 16111",,BAC Braja Mustika,Bogor,Braja Mustika,Freddy Bramantio,-6.5847725,106.7817409,SUCCESS
146,Brain Academy,Pasuruan - Panglima Sudirman,"Jl. Panglima Sudirman no. 95 RT 03/RW 02, Dusun Jambangan, Kelurahan Purworejo, Kecamatan Purworejo, Kota Pasuruan, Jawa Timur 67116",,BAC Panglima Sudirman,Pasuruan,Panglima Sudirman,,-7.6542922,112.8987906,SUCCESS
147,Brain Academy,Bojonegoro - Dr. Cipto,"Jl. Dr. Cipto no. 92, Mojo Kp, Kelurahan Mojokampung, Kecamatan Bojonegoro, Kabupaten Bojonegoro, Jawa Timur 62119",,BAC Dr. Cipto,Bojonegoro,Dr. Cipto,,-7.1572517,111.8889048,SUCCESS
148,Brain Academy,Medan - Sisingamangaraja,"Jl. Ir. H. Juanda Blok A no. 8, Kelurahan Pasar Merah Barat, Kecamatan Medan Kota, Kota Medan, Sumatera Utara 20217",,BAC Sisingamangaraja,Medan,Sisingamangaraja,,3.5593192,98.7056035,SUCCESS
149,Brain Academy,Ponorogo - Bhayangkara,"Jl. Bhayangkara no. 26 RT.03/RW.03, Kelurahan Banyudono, Kecamatan Ponorogo, Kabupaten Ponorogo, Jawa Timur 63411",,BAC Bhayangkara,Ponorogo,Bhayangkara,,-7.869046199999999,111.4671484,SUCCESS
150,Brain Academy,Surabaya - Rungkut,"Jl. Rungkut Asri Tengah no. 3 RT. 003/RW. 008, Kelurahan Rungkut Kidul, Kecamatan Rungkut, Kota Surabaya, Jawa Timur 60293",,BAC Rungkut,Surabaya,Rungkut,,-7.327621199999999,112.7759219,SUCCESS
151,Brain Academy,Jakarta Selatan - Jagakarsa,"Jl. Moh. Kahfi 1 RT.06 / RW.01, Kelurahan Cipedak, Kecamatan Jagakarsa, Kota Jakarta Selatan, Daerah Khusus Ibukota Jakarta 12630",,BAC Jagakarsa,Jakarta Selatan,Jagakarsa,"Raissa Zhafira Sulaeman
Adzkia Kurnia Khairunnisa
Hana Andari",-6.3510866,106.8015886,SUCCESS
152,Brain Academy,Bengkulu - Selebar,"Jl. Adam Malik 10 RT. 004 / RW. 001, Kel. Pagar Dewa, Kec. Selebar, Kota Bengkulu, Bengkulu 38211",,BAC Selebar,Bengkulu,Selebar,,-3.8439658,102.3183951,SUCCESS
153,Brain Academy,Bandung - Cibiru,"Jl. Raya Cinunuk no.134 RT. 08 / RW.14, Kelurahan Cinunuk, Kecamatan Cileunyi, Kabupaten Bandung, Jawa Barat 40624",,BAC Cibiru,Bandung,Cibiru,Mochamad Edwin Iskandar,-6.936197099999999,107.728333,SUCCESS
154,Brain Academy,Depok - Kelapa Dua,"Jl. Komjen M Jasin no.24 RT. 003 / RW.004, Kelurahan Tugu, Kecamatan Cimanggis, Kota Depok, Jawa Barat 16451",,BAC Kelapa Dua,Depok,Kelapa Dua,,-6.3550495,106.8476866,SUCCESS
155,Brain Academy,Jakarta Utara - Koja,"Jl. Kramat Raya no. 22 E RT.006 / RW.017, Kelurahan Tugu Utara, Kecamatan Koja, Kota Jakarta Utara, Daerah Khusus Ibukota Jakarta 14260",,BAC Koja,Jakarta Utara,Koja,,-6.121439,106.916169,SUCCESS
156,Brain Academy,Tangerang Selatan - Ciputat Timur,"Jl. Ir. H. Juanda no. 71D, RW.01, Kelurahan Rempoa, Kecamatan Ciputat Tim, Kota Tangerang Selatan, Banten 15412",,BAC Ciputat Timur,Tangerang Selatan,Ciputat Timur,,-6.2955476,106.765134,SUCCESS
157,Brain Academy,Soppeng - Lalabata,"Jl. Kemakmuran no.173, Kelurahan Lemba, Kecamatan Lalabata, Kabupaten Soppeng, Sulawesi Selatan 90811",,BAC Lalabata,Soppeng,Lalabata,,-4.353907299999999,119.8876093,SUCCESS
158,Brain Academy,Semarang - Ungaran,"Jl. Diponegoro 745/181 no.14 RT.002/RW.003, Kelurahan Dliwang, Kecamatan Ungaran Barat, Kabupaten Semarang, Kota Ungaran, Jawa Tengah 50511",,BAC Ungaran,Semarang,Ungaran,,-7.1319199,110.4041309,SUCCESS
159,Brain Academy,Payakumbuh - Simpang Benteng,"Jl. Ade Irma Suryani No. 20 A RT 002/RW 001, Kel. Kotokociak Kubu Tapak Rajo, Kec. Payakumbuh Utara, Kota Payakumbuh, Sumatera Barat 26218",,BAC Simpang Benteng,Payakumbuh,Simpang Benteng,,-0.2228363,100.6391179,SUCCESS
160,Brain Academy,Lhokseumawe - Merdeka,"Jl. Merdeka, Kelurahan Simpang Empat, Kecamatan Banda Sakti, Kota Lhokseumawe, Aceh 24313",,BAC Merdeka,Lhokseumawe,Merdeka,,5.1800843,97.1452313,SUCCESS
161,Brain Academy,Tabanan - Ir. Soekarno,"Jl. Dr. Ir. Soekarno no.100X, Kelurahan Delod Peken, Kecamatan Tabanan, Kabupaten Tabanan, Bali 82121",,BAC Ir. Soekarno,Tabanan,Ir. Soekarno,,-8.5502445,115.1250432,SUCCESS
162,Brain Academy,Tangerang - Ciledug,"Jl. Raden Saleh no.9B, Kelurahan Karang Tengah, Kecamatan Karang Tengah, Kota Tangerang, Banten 15157",,BAC Ciledug,Tangerang,Ciledug,,-6.219864599999999,106.7065165,SUCCESS
163,Brain Academy,Tangerang - Gading Serpong,"Ruko Sentral Gading Serpong Blok SG01 no 10, Jl. Gading Serpong Boulevard No.10, West Pakulonan, Kelapa Dua, Tangerang Regency, Banten 15810",,BAC Gading Serpong,Tangerang,Gading Serpong,Robby Noer Abjuny,-6.2383478,106.630426,SUCCESS
164,Brain Academy,Magetan - Samudra,"Jl. Samudra no.18 RT.04/RW.02, Dusun Bulukerto, Kelurahan Bulukerto, Kecamatan Magetan, Kabupaten Magetan, Jawa Timur 63315",,BAC Samudra,Magetan,Samudra,,-7.6593171,111.334617,SUCCESS
165,Brain Academy,Metro - Sudirman,"Jl. Jendral Sudirman RT .013 / RW. 04, Kelurahan Imopuro, Kecamatan Metro Pusat, Kota Metro, Lampung 34111",,BAC Sudirman,Metro,Sudirman,,-5.1141878,105.3024376,SUCCESS
166,Brain Academy,Pare - Sudirman,"Jl. Pb. Sudirman no.114 (Ruko no 7 dan 9 ), Kelurahan Puhrejo, Kecamatan Pare, Kabupaten Kediri, Jawa Timur 64212",,BAC Sudirman,Pare,Sudirman,,-7.764823000000001,112.186666,SUCCESS
167,Brain Academy,Bekasi - Mustika Jaya,"Ruko Pasadena, Jl. Mutiara Gading Timur Raya no. 31, RT.010/RW.028, Kelurahan Mustikajaya, Kecamatan Mustika Jaya, Kota Bekasi, Jawa Barat 17158",,BAC Mustika Jaya,Bekasi,Mustika Jaya,Mayranda Amin,-6.2869243,107.0318643,SUCCESS
168,Brain Academy,Jakarta Timur - Jatinegara,"Jl. Matraman Raya no. 212 RT 004/RW 003, Kelurahan Kampung Melayu, Kecamatan Jatinegara, Kota Jakarta Timur, Daerah Khusus Ibukota Jakarta 13320",,BAC Jatinegara,Jakarta Timur,Jatinegara,Sergio Nicholas Arifin,-6.2126204,106.9434084,SUCCESS
169,Brain Academy,Bogor - Baranangsiang,"Jl Pajajaran no. 78H RT. 005/RW. 004, Kelurahan Baranangsiang, Kecamatan Bogor Timur, Kota Bogor, Jawa Barat 16143",,BAC Baranangsiang,Bogor,Baranangsiang,Freddy Bramantio,-6.6136142,106.8131871,SUCCESS
170,Brain Academy,Cibinong - Cikaret,"Jl. KSR Dadi Kusmayadi No. 1 RT 02/RW 05, Kelurahan Tengah, Kecamatan Cibinong, Kabupaten Bogor, Jawa Barat 16914",,BAC Cikaret,Cibinong,Cikaret,,-6.471519300000001,106.8214794,SUCCESS
171,Brain Academy,Pekalongan - Diponegoro,"Jl. Diponegoro no. 43 RT. 001/RW. 03, Kelurahan Dukuh, Kecamatan Pekalongan Utara, Kota Pekalongan, Jawa Tengah 51146",,BAC Diponegoro,Pekalongan,Diponegoro,,-6.8841113,109.6704001,SUCCESS
172,Brain Academy,Surabaya - Gayungsari,"Jl. Gayungsari Barat no. 74 RT. 03/RW. 05, Kelurahan Gayungan, Kecamatan Gayungan, Kota Surabaya, Jawa Timur 60235",,BAC Gayungsari,Surabaya,Gayungsari,,-7.3336217,112.7194973,SUCCESS
173,Brain Academy,Sukabumi - Sudirman,"Jl. Veteran 1 RT. 001/RW. 003, Kelurahan Gunung Parang, Kecamatan Cikole, Kabupaten Sukabumi, Jawa Barat 43111",,BAC Sudirman,Sukabumi,Sudirman,,-6.9201953,106.9219007,SUCCESS
174,Brain Academy,Bontang - Brigjen Katamso,"Jl. Brigjen Katamso no. 8 RT. 44, Kelurahan Belimbing, Kecamatan Bontang Barat, Kota Bontang, Kalimantan Timur 75331",,BAC Brigjen Katamso,Bontang,Brigjen Katamso,,0.1360771,117.4678908,SUCCESS
175,Brain Academy,Sidoarjo - Trunojoyo,"Jl. Trunojoyo no.7 RT. 004/RW. 002, Kelurahan Sidoklumpuk, Kecamatan Sidoarjo, Kabupaten Sidoarjo, Jawa Timur 61218",,BAC Trunojoyo,Sidoarjo,Trunojoyo,,-7.4476596,112.7224982,SUCCESS
176,Brain Academy,Kubu Raya - Serdam,"Jl. Sungai Raya Dalam no. A11, Kelurahan Sungai Raya, Kecamatan Sungai Raya, Kabupaten Kubu Raya, Kota Pontianak, Kalimantan Barat 78391",,BAC Serdam,Kubu Raya,Serdam,,-0.0748812,109.3584166,SUCCESS
177,Brain Academy,Bekasi - Bintara,"Ruko Puri Bintara Blok S no. 4 RT 20/RW 02, Kelurahan Bintara, Kecamatan Bekasi Barat, Kota Bekasi, Jawa Barat 17145",,BAC Bintara,Bekasi,Bintara,,-6.2294128,106.949837,SUCCESS
178,Brain Academy,Jakarta Pusat - Cempaka Putih,"Jl. Cempaka Putih Tengah II Blok B no. 8, RT 11/RW 05, Kelurahan Cempaka Putih Timur, Kecamatan Cempaka Putih, Kota Jakarta Pusat, Daerah Khusus Ibukota Jakarta 10510",,BAC Cempaka Putih,Jakarta Pusat,Cempaka Putih,"Tiara Athifah Felicia
Mega Mariesta
Benita Saraswati",-6.172512100000001,106.866251,SUCCESS
179,Brain Academy,Jakarta Timur - Buaran,"Pertokoan Taman Buaran Indah I, Jalan Raden inten II Blok B 206. RT. 01/RW. 14, Kelurahan Duren Sawit, Kecamatan Duren Sawit, Kota Jakarta Timur, Daerah Khusus Ibukota Jakarta 13470",,BAC Buaran,Jakarta Timur,Buaran,"Sarah Imtinan Basalim
Rendy Kurniawan
Mega Mariesta
Khadijah Rizky",-6.237734499999999,106.9222025,SUCCESS
180,Brain Academy,Bekasi - Jatibening,"Jl. Caman Raya no. 17 B RT 03/RW 03, Kelurahan Jatibening, Kecamatan Pondok Gede, Kota Bekasi, Jawa Barat 17412",,BAC Jatibening,Bekasi,Jatibening,Rendy Kurniawan,-6.2630621,106.9453369,SUCCESS
181,Brain Academy,Jakarta Timur - Condet,"Jl. Raya Condet RT. 011/RW. 03, Kelurahan Batu Ampar, Kecamatan Kramat Jati, Kota Jakarta Timur, Daerah Khusus Ibukota Jakarta 13530",,BAC Condet,Jakarta Timur,Condet,"Robby Noer Abjuny
Ludya Kesturi
Rendy Kurniawan",-6.2952239,106.8559266,SUCCESS
182,Brain Academy,Jakarta Selatan - Pejaten,"Jl. Warung Buncit Raya no. 4B, RT.003/RW.05, Kelurahan Kalibata, Kecamatan Pancoran, Kota Jakarta Selatan, Daerah Khusus Ibukota Jakarta 12740",,BAC Pejaten,Jakarta Selatan,Pejaten,"Mokhammad Ardafillah
Alberta Michelle",-6.263974800000001,106.8371966,SUCCESS
183,Brain Academy,Singaraja - Ahmad Yani,"Jl. Ahmad Yani, Kelurahan Kampung Kajanan, Kecamatan Buleleng, Bali 81114",,BAC Ahmad Yani,Singaraja,Ahmad Yani,,-8.1103155,115.0883609,SUCCESS
184,Brain Academy,Tangerang - Sangiang,"Jl. Moh Toha 1 RT 001/RW 004, Kelurahan Pabuaran Tumpeng, Kecamatan Karawaci, Kota Tangerang, Banten 15112",,BAC Sangiang,Tangerang,Sangiang,,-6.1707179,106.6095683,SUCCESS
185,Brain Academy,Bandung - Padalarang,"Jl. Raya Purwakarta 78 RT 04 / RW 10, Kelurahan Kertamulya, Kecamatan Padalarang, Kabupaten Bandung Barat, Jawa Barat 40553",,BAC Padalarang,Bandung,Padalarang,,-6.8381428,107.4879283,SUCCESS
186,Brain Academy,Bandung - Setiabudi,"Jl. Dr Setiabudhi 206B RT000/RW00, Kelurahan Hergamanah, Kecamatan Cidadap, Kota Bandung, Jawa Barat 40141",,BAC Setiabudi,Bandung,Setiabudi,"Ihsan Nur Iman Faris
Maudina Wilwatikta
Mochamad Edwin Iskandar",-6.868595999999999,107.5937436,SUCCESS
187,Brain Academy,Palembang - Sukarami,"Jl. Pengadilan tinggi no. 2735 E dan no. 2735 F RT. 035/RW. 010, Kelurahan Karya baru, Kecamatan Alang-alang lebar, Kota Palembang, Sumatera Selatan 30961",,BAC Sukarami,Palembang,Sukarami,,-2.9271599,104.7143901,SUCCESS
188,Brain Academy,Padang - Sutomo,"Jl. Dr. Sutomo no. 22C, Kelurahan Kubu Marapalam, Kecamatan Padang Timur, Kota Padang, Sumatera Barat 25143",,BAC Sutomo,Padang,Sutomo,,-0.9462737999999999,100.379485,SUCCESS
189,Brain Academy,Padang - Ujung Gurun,"Jl. Ujung Gurun no. 150C, Kelurahan Ujung Gurun, Kecamatan Padang Barat, Sumatera Barat 25114",,BAC Ujung Gurun,Padang,Ujung Gurun,,-0.9344859999999999,100.3569202,SUCCESS
190,Brain Academy,Cikarang - Cifest,"Ruko Cikarang Central City, Blok F no. 25, Jl. Raya Cikarang - Cibarusah, Desa Sukadami, Kecamatan Cikarang Selatan, Kabupaten Bekasi, Jawa Barat 17530",,BAC Cifest,Cikarang,Cifest,,-6.3407733,107.1201184,SUCCESS
191,Brain Academy,Bekasi - Agus Salim,"Jl. H. Agus Salim no. 151-152, RT.001/RW.008, Kelurahan Bekasi Jaya, Kecamatan Bekasi Timur, Kota Bekasi, Jawa Barat 17112",,BAC Agus Salim,Bekasi,Agus Salim,Rendy Kurniawan,-6.2311064,107.0099369,SUCCESS
192,Brain Academy,Mamuju - Sultan Hasanuddin,"Jl. Sultan Hasanuddin, Kelurahan Binanga, Kecamatan Mamuju, Kabupaten Mamuju, Sulawesi Barat 91511",,BAC Sultan Hasanuddin,Mamuju,Sultan Hasanuddin,,-2.675473,118.8939217,SUCCESS
193,Brain Academy,Bandung - Bengawan,"Jl. Bengawan no.65, Kelurahan Cihapit, Kecamatan Bandung Wetan, Kota Bandung, Jawa Barat 40114",,BAC Bengawan,Bandung,Bengawan,"Ihsan Nur Iman Faris
Mochamad Edwin Iskandar
Syilva Adisty
Siti Aisyah",-6.909747899999999,107.6279286,SUCCESS
194,Brain Academy,Jepara - Pemuda,"Jl. Pemuda no.66, RT 02 / RW 05, Kelurahan Panggang, Kecamatan Jepara, Kabupaten Jepara, Jawa Tengah 59411",,BAC Pemuda,Jepara,Pemuda,,-6.596495099999999,110.6721153,SUCCESS
195,Brain Academy,Batu - Agus Salim,"Jl. KH Agus Salim 141 RT 05/RW 11, Kelurahan Temas, Kecamatan Batu, Kota Batu, Jawa Timur 65315",,BAC Agus Salim,Batu,Agus Salim,Rendy Kurniawan,-7.8825699,112.5296886,SUCCESS
196,Brain Academy,Cilacap - S. Parman,"Jl. S. Parman, Mayjend., RT 001/RW 03, Kelurahan Sidanegara, Kecamatan Cilacap Tengah, Kabupaten Cilacap, Jawa Tengah 53212",,BAC S. Parman,Cilacap,S. Parman,,-7.7239034,109.0133774,SUCCESS
197,Brain Academy,Gunungkidul - KH Agus Salim,"Jl. KH Agus Salim no.12, Kelurahan Kepek, Kecamatan Wonosari, Kabupaten Gunung Kidul, Daerah Istimewa Yogyakarta 55813",,BAC KH Agus Salim,Gunungkidul,KH Agus Salim,,-7.963353799999999,110.5984321,SUCCESS
198,Brain Academy,Jambi - Bungo,"Jl. Diponegoro, Kelurahan Pasir Putih, Kecamatan Rimbo Tengah, Kabupaten Muara Bungo, Jambi 37215",,BAC Bungo,Jambi,Bungo,,-1.5033901,102.1186462,SUCCESS
199,Brain Academy,Makassar - Baruga,"Ruko Malino Blok C no.3, Jl. Bukit Baruga Raya, Kelurahan Antang, Kecamatan Manggala, Antang, Kec. Manggala, Kota Makassar, Sulawesi Selatan 90234",,BAC Baruga,Makassar,Baruga,,-5.155509599999999,119.4875266,SUCCESS
200,Brain Academy,Semarang - Karangayu,"Jl. Jend. Sudirman 322 Ruko no. 2 RT 001/RW 002, Kelurahan Salaman Mloyo, Kecamatan Semarang Barat, Kota Semarang, Jawa Tengah 50149",,BAC Karangayu,Semarang,Karangayu,Satiul Komariah,-6.9832142,110.3907907,SUCCESS
201,Brain Academy,Jakarta Selatan - Veteran,"Jl. Pahlawan no.36, Rempoa, Kec. Ciputat Tim., Kota Tangerang Selatan, Banten 15412",,BAC Veteran,Jakarta Selatan,Veteran,,-6.2966045,106.7583499,SUCCESS
202,Brain Academy,Jombang - Kapten Tendean,"Jl. Kapten Tendean RT 001/RW 006, Kelurahan Pulo Lor, Kecamatan Jombang, Kabupaten Jombang, Jawa Timur 61417",,BAC Kapten Tendean,Jombang,Kapten Tendean,,-7.5419024,112.2252476,SUCCESS
203,Brain Academy,Jakarta Utara - Pluit,"Komplek Puri Delta Mas Blok J no. 6, Jl. Bandengan Selatan no. 43, RT/RW 02/01, Kec. Penjaringan, Kel. Pejagalan, Jakarta Utara, 14450",,BAC Pluit,Jakarta Utara,Pluit,,-6.136832,106.8007811,SUCCESS
204,Brain Academy,Gresik - GKB,"Jl. Sumatra No.32, Setingi, gkb, Kec. Kebomas, Kabupaten Gresik, Jawa Timur 61121",,BAC GKB,Gresik,GKB,,-7.1569129,112.6169791,SUCCESS
205,Brain Academy,Tangerang Selatan - Bintaro,"Ruko Graha Marcella, Jl. Bintaro Utama 3A No.1, Pd. Karya, Kec. Pd. Aren, Kota Tangerang Selatan, Banten 15225",,BAC Bintaro,Tangerang Selatan,Bintaro,"Belinda Ambarsari Arya Putri
Kaylee Rudaina
Dian Marhamah",-6.2732765,106.7433324,SUCCESS
206,Brain Academy,Balige - Patuan Nagari,"Jl. Patuan Nagari, Sangkar Nihuta, Kec. Balige, Toba, Sumatera Utara 22313",,BAC Patuan Nagari,Balige,Patuan Nagari,,2.3301232,99.0553997,SUCCESS
207,Brain Academy,Tebing Tinggi - Sudirman,"Jl. Jend. Sudirman No. A 25 A 26 Kec. Rambutan, Kota Tebing Tinggi, Sumatera Utara",,BAC Sudirman,Tebing Tinggi,Sudirman,,3.3429252,99.1656907,SUCCESS
208,Brain Academy,Purbalingga - Letkol Isdiman,"Jl. Letkol Isdiman No.114D, Bancar, Kec. Purbalingga, Kabupaten Purbalingga, Jawa Tengah 53316",,BAC Letkol Isdiman,Purbalingga,Letkol Isdiman,,-7.3937326,109.372953,SUCCESS
209,Brain Academy,Solo - Serengan,"Jl. Moh. Yamin No.146, Panularan, Kec. Laweyan, Kota Surakarta, Jawa Tengah 57154",,BAC Serengan,Solo,Serengan,,-7.5752216,110.8119367,SUCCESS
210,Brain Academy,Mojokerto - Airlangga,Jl. Airlangga No. 197 RT.002 RW.001 Kel.Kauman Kec. Mojosari 61382,,BAC Airlangga,Mojokerto,Airlangga,,-7.524797699999999,112.5564174,SUCCESS
211,Brain Academy,Jakarta Barat - Citra Garden City,"CitraGarden City 6, Blok H11A No. 11-12, RT.10/RW.5, Kel. Tegal Alur, Kec. Kalideres, Kota Jakarta Barat, DKI Jakarta, 11810",,BAC Citra Garden City,Jakarta Barat,Citra Garden City,"Hasna Safira
Maryo Khowijaya",-6.1251177,106.7112099,SUCCESS
212,Brain Academy,Nganjuk - Megantara,"Jl. Megantoro, no. 44A Ganungkidul, Kec. Nganjuk, Kabupaten Nganjuk, Jawa Timur",,BAC Megantara,Nganjuk,Megantara,,-7.605077499999998,111.9052214,SUCCESS
213,Brain Academy,Tangerang - Daan Mogot,"Jl. A. Damyati No. 12, RT.006/RW 003, Sukarasa, Kec. Tangerang, Banten, 15111",,BAC Daan Mogot,Tangerang,Daan Mogot,,-6.177908899999999,106.6337125,SUCCESS
214,Brain Academy,Kabanjahe - Jamin Ginting,"Jalan Veteran, Komplek Grand Melia, Blok C, Nomor 4-5, Kelurahan Kampung Dalam, Kecamatan Kabanjahe, Kabupaten Karo, Provinsi Sumatera Utara, 22113",,BAC Jamin Ginting,Kabanjahe,Jamin Ginting,,3.1045486,98.4962868,SUCCESS
215,Brain Academy,Probolinggo - Kraksaan,"Jl. Mayjen Sutoyo No. 8, RT.05/RW.02 Kel. Patokan, Kec. Kraksaan, Kab. Probolinggo, 67282",,BAC Kraksaan,Probolinggo,Kraksaan,,-7.762487999999999,113.417198,SUCCESS
216,Brain Academy,Ciamis - Samuji,"Jl. Letnan Samuji Komplek Ruko No.39-40, RT.03/RW.21, Kelurahan Ciburial, Kec. Ciamis, Kabupaten Ciamis, Jawa Barat 46211",,BAC Samuji,Ciamis,Samuji,,-7.329422800000001,108.3592555,SUCCESS
217,Brain Academy,Tangerang - Balaraja,"Komplek Ruko Indah Mas No. 1, Jl. Raya Serang No.KM, RT02/RW02 Balaraja, Kec. Balaraja, Kabupaten Tangerang, Banten 15610",,BAC Balaraja,Tangerang,Balaraja,,-6.224222,106.548157,SUCCESS
218,Brain Academy,Grobogan - Purwodadi,"Jl Diponegoro 8-9, Mekarsari, Danyang, Kecematan Purwodadi, Kabupaten Grobogan, Jawa Tengah, 58111",,BAC Purwodadi,Grobogan,Purwodadi,,-7.099780200000001,110.9130154,SUCCESS
219,Brain Academy,Depok - Siliwangi,"Jalan.Siliwangi No,38 RT.002/010 Kelurahan.Depok Kecamatan.Pancoran Mas Kota Depok Jawa Barat 16431",,BAC Siliwangi,Depok,Depok Siliwangi,"Adzkia Kurnia Khairunnisa
Yulia Astanti",-6.399651599999999,106.8238569,SUCCESS
220,Brain Academy,Duri - Hangtuah,"Jl.Hangtuah No.1 Akasia Kel. Duri Barat, Kec. Mandau, Duri Riau 28784",,BAC Hangtuah,Duri,Hangtuah,,1.2710276,101.1875858,SUCCESS
221,Brain Academy,Bandung - Baleendah,"Jl. Raya Banjaran No.232 RT.001/RW.011, Kelurahan Andir, Kecamatan Baleendah , Kode Pos 40375",,BAC Baleendah,Bandung,Baleendah,,-7.006335099999999,107.6138609,SUCCESS
222,Brain Academy,Pontianak - Wahid Hasyim,"Jl. Kh. Wahid Hasyim Nomor 122, Kec. Pontianak Kota, Kota Pontianak, Kalimantan Barat",,BAC Wahid Hasyim,Pontianak,Wahid Hasyim,,-0.0204102,109.3262139,SUCCESS
223,Brain Academy,Sleman - Medari,"Jl. Magelang KM 14, Temulawak, Triharjo, Kec. Sleman, Kabupaten Sleman, Daerah Istimewa Yogyakarta 55514",,BAC Medari,Sleman,Medari,,-7.6856595,110.3395472,SUCCESS
224,Brain Academy,Denpasar - Sesetan,Jl. Raya Sesetan No.701 Kelurahan Pedungan Kecamatan Denpasar Selatan Kota Denpasar 80223,,BAC Sesetan,Denpasar,Sesetan,,-8.710871899999999,115.2166465,SUCCESS
225,Brain Academy,Tuban - KH Mustain,Jl. KH Mustain No. 48 Kutorejo Kec. Tuban Kab. Tuban Jawa Timur 62311,,BAC KH Mustain,Tuban,KH Mustain,,-6.8986223,112.0636413,SUCCESS
226,Brain Academy,Lamongan - Veteran,"Jalan Veteran No 24, Banjarmendalan, Kecamatan Lamongan Kabupaten Lamongan, Jawa Timur, 62212",,BAC Veteran,Lamongan,Veteran,,-7.113735699999999,112.4231865,SUCCESS
227,Brain Academy,Purworejo - Tentara Pelajar,"Jl. Tentara Pelajar No.7, Sibung, Pangenjurutengah, Kec. Purworejo, Kabupaten Purworejo, Jawa Tengah 54114",,BAC Tentara Pelajar,Purworejo,Tentara Pelajar,,-7.720770300000001,109.9938411,SUCCESS
228,Brain Academy,Bireuen - Kota Juang,"Jl. Medan - Banda Aceh, Cot Gapu, Kec. Kota Juang, Kabupaten Bireuen, Aceh 24252",,BAC Kota Juang,Bireuen,Kota Juang,,5.2065459,96.7270238,SUCCESS
229,Brain Academy,Langsa - Ahmad Yani,Jl. Ahmad Yani Desa Paya Bujok Seuleumak Kecamatan Langsa Baro Kota Langsa Provinsi Aceh 24415,,BAC Ahmad Yani,Langsa,Ahmad Yani,,4.4920246,97.955408,SUCCESS
230,Brain Academy,Sabang - Teuku Umar,"Jl. Teuku Umar, Kel. Kuta Barat, Kec. Sukakarya, Prov Aceh 23512",,BAC Teuku Umar,Sabang,Teuku Umar,,5.8918838,95.3189667,SUCCESS
231,Brain Academy,Padang Sidempuan - Sudirman,"Jl. Sudirman No. 67, Wek II, Kec. Padangsidimpuan Utara, Kota Padangsidimpuan, Sumatera Utara 22711",,BAC Sudirman,Padang Sidempuan,Sudirman,,1.3813773,99.26770929999999,SUCCESS
232,Brain Academy,Sibolga - Sisingamangaraja,"Jl. Sisiimangaraja 91 Pancuran Gerobak, Sibolga Kota, Kota Sibolga, Sumatera Utara 22511",,BAC Sisingamangaraja,Sibolga,Sisingamangaraja,,1.7375086,98.7864546,SUCCESS
233,Brain Academy,Tarutung - DI Panjaitan,"Jl. Mayjend. D. I. Panjaitan, Hutatoruan VI, Kec. Tarutung, Kabupaten Tapanuli Utara, Sumatera Utara 22411",,BAC DI Panjaitan,Tarutung,DI Panjaitan,,2.0220005,98.9659647,SUCCESS
234,Brain Academy,Bengkulu - Curup,"Jl. MH Thamrin Air Rambai, RT 06 RW 02 Kel. Adirejo, Kec. Curup Kab. Rejang Lebong 39119",,BAC Curup,Bengkulu,Curup,,-3.4737146,102.5219675,SUCCESS
235,Brain Academy,Bengkulu - Manna,"Jl. Jenderal Ahmad Yani No.46 RT 06 Kel. Ibul Kec. Kota Manna, Kab. Bengkulu Selatan 38511",,BAC Manna,Bengkulu,Manna,,-4.460936,102.9184028,SUCCESS
236,Brain Academy,Jambi - Muara Bulian,"Jl. Gajah Mada RT07 RW 02 Kel. Rengas Condong, Kec. Muara Bulian Kab. Batang Hari 36613",,BAC Muara Bulian,Jambi,Muara Bulian,,-1.7033188,103.262695,SUCCESS
237,Brain Academy,Jambi - Sungai Penuh,"Jl. Yos Sudarso, Ps. Baru, Kec. Sungai Penuh, Kota Sungai Penuh, Jambi 37111",,BAC Sungai Penuh,Jambi,Sungai Penuh,,-2.0628746,101.4007526,SUCCESS
238,Brain Academy,Lahat - Lembayung,"Jln. M. Nuh Lembayung Kec. Lahat Kel. Bandar Jaya, Kabupaten Lahat, Sumatera Selatan 31414",,BAC Lembayung,Lahat,Lembayung,,-3.7829753,103.5642247,SUCCESS
239,Brain Academy,Lubuk Linggau - Taba Koji,"Jl. Yos Sudarso, Taba Koji, Kec. Lubuk Linggau Tim. I, Kota Lubuklinggau, Sumatera Selatan 31613",,BAC Taba Koji,Lubuk Linggau,Taba Koji,,-3.2889003,102.8752766,SUCCESS
240,Brain Academy,Muara Enim - Sudirman,"Jl. jendral Sudirman, No. 72, RT 02 RW02 Kel. Pasar III Kec. Muara Enim Kab. Muara Enim Sumatera Selatan 31313",,BAC Sudirman,Muara Enim,Sudirman,,-3.656385,103.7732639,SUCCESS
241,Brain Academy,Pangkal Pinang - Depati Hamza,"Jl. Depati Hamzah RT.04/RW.01, Semabung Baru, Kec. Grimaya, Kota Pangkal Pinang, Kepulauan Bangka Belitung 33111",,BAC Depati Hamza,Pangkal Pinang,Depati Hamza,,-2.1347025,106.1198955,SUCCESS
242,Brain Academy,Bangkinang - Jenderal Sudirman,"Jalan Jenderal Sudirman RT 01 RW 07 Kelurahan Bangkinang, Kecamatan Bangkinang Kota, Kabupaten Kampar, Riau 28463",,BAC Jenderal Sudirman,Bangkinang,Jenderal Sudirman,,0.3393156,101.0286359,SUCCESS
243,Brain Academy,Pangkalan Kerinci - Maharaja Indra,"Jalan Maharaja Indra no 8A , RT 01 / RW 10, Kel. Pangkalan Kerinci Kota , Kec. Pangkalan Kerinci, Kab. Pelalawan, Riau 28664",,BAC Maharaja Indra,Pangkalan Kerinci,Maharaja Indra,,0.4027717,101.8579527,SUCCESS
244,Brain Academy,Perawang - KM5,"Jl.Raya Perawang Km-5, RT 02/RW 05, Kelurahan Perawang, Kecamatan Tualang, Kabupaten Siak, Riau 28772",,BAC KM5,Perawang,KM5,,0.6724808,101.6034606,SUCCESS
245,Brain Academy,Tanjung Pinang - Pamedan,"Jl. Raja Ali Haji, No.71&72, RT 05 RW 03, Kel. Tanjung Pinang Timur, Kec. Bukit Bestari, Kota Tanjung Pinang, Kepulauan Riau 29122",,BAC Pamedan,Tanjung Pinang,Pamedan,,0.910868,104.4636348,SUCCESS
246,Brain Academy,Teluk Kuantan - Beringin Taluk,"Jl. Tuanku Tambusai RT.005/RW.002 Kel. Beringin Taluk, Kec. Kuantan Tengah, Kab. Kuantan Singingi, Riau 29566",,BAC Beringin Taluk,Teluk Kuantan,Beringin Taluk,,-0.5256545,101.5676844,SUCCESS
247,Brain Academy,Lampung - Liwa,JL. Raden Intan No: 88 B RT/ RW: 001/002 LK. Suka Jadi II Kel. Way Mengaku Kec. Balik Bukit Kab. Lampung Barat Prov. Lampung 34812,,BAC Liwa,Lampung,Liwa,,-5.035728799999999,104.0813903,SUCCESS
248,Brain Academy,Lampung - Kalianda,Jl. Trans Sumatra / Jl. Jati Permai LK 10 RT/RW 01/01 Kel. Way Urang Kec. Kalianda Kab. Lampung Selatan Prov. Lampung 35551,,BAC Kalianda,Lampung,Kalianda,,-5.6956538,105.5820509,SUCCESS
249,Brain Academy,Pringsewu - Ahmad Yani,"Jl. ahmad yani no 72B dan 72C RT/RW 003/002 Kel. Pringsewu Utara, Kec. Gadingrejo, Kab. Pringsewu, Lampung 35373",,BAC Ahmad Yani,Pringsewu,Ahmad Yani,,-5.3559549,104.9763587,SUCCESS
250,Brain Academy,Cilegon - PCI,"Ruko PCI Blok E-22 No. 41 - 42, Pondok Cilegon Indah, Kedaleman, Kec. Cibeber, Kota Cilegon, Banten 42423",,BAC PCI,Cilegon,PCI,,-6.0348193,106.0805314,SUCCESS
251,Brain Academy,Majalengka - Abdul Halim,"Jl. Kh. Abdul Halim No.127, RT.011/RW.03, Majalengka Kulon, Kec. Majalengka, Kabupaten Majalengka, Jawa Barat 45418",,BAC Abdul Halim,Majalengka,Abdul Halim,,-6.833962,108.2205613,SUCCESS
252,Brain Academy,Garut - Perintis,"Komplek Pertokoan Garut Hyper Square, Jl. Perintis Kemerdekaan Kav A1, Haurpanggung, Kec. Tarogong Kidul, Kabupaten Garut, Jawa Barat 44151",,BAC Perintis,Garut,Perintis,,-7.209150600000001,107.9020165,SUCCESS
253,Brain Academy,Kebumen - Kusuma,Jl. Kusuma No.99 Dukuh Kebumen Kec. Kebumen Kabupaten Kebumen Jawa Tengah 54311,,BAC Kusuma,Kebumen,Kusuma,,-7.67029,109.6612978,SUCCESS
254,Brain Academy,Temanggung - Tentara Pelajar,"Jl. Tentara Pelajar No.2A, Kemantren, Kec. Temanggung, Kabupaten Temanggung, Jawa Tengah 56212",,BAC Tentara Pelajar,Temanggung,Tentara Pelajar,,-7.3152751,110.1791162,SUCCESS
255,Brain Academy,Banyuwangi - Genteng,"Jl. Gajah Mada No.281, Dusun Krajan, Genteng Kulon, Kec. Genteng, Kabupaten Banyuwangi, Jawa Timur 68465",,BAC Genteng,Banyuwangi,Genteng,,-8.3650284,114.1445286,SUCCESS
256,Brain Academy,Bondowoso - Diponegoro,"Jl. Diponegoro RT25/RW05, Kel. Kotakulon, Kec. Bondowoso Kode Pos 68213",,BAC Diponegoro,Bondowoso,Diponegoro,,-7.9085334,113.8145245,SUCCESS
257,Brain Academy,Malang - Lawang,Jl. Dr Wahidin 19 RT : 001 RW : 004 Kel. Kalirejo Kec. Lawang Kab. Malang 65216,,BAC Lawang,Malang,Lawang,,-7.842485,112.6974715,SUCCESS
258,Brain Academy,Situbondo - Basuki Rahmat,"JL.Basuki Rahmat no.117B, Kel. Mimbaan, Kec. Panji. Kab. Situbondo , Jawa Timur, Kode Pos 68322",,BAC Basuki Rahmat,Situbondo,Basuki Rahmat,,-7.7042128,114.0114398,SUCCESS
259,Brain Academy,Ngawi - Gading,"Jl. Ahmad Yani, RT.01/RW.01, Wareng, Beran, Kec. Ngawi, Kabupaten Ngawi, Jawa Timur 63216",,BAC Gading,Ngawi,Gading,,-7.4194539,111.4419798,SUCCESS
260,Brain Academy,Jembrana - Jenderal Sudirman,"Jl. Jenderal Sudirman No. 34, Dauhwaru, Kec. Jembrana, Kabupaten Jembrana, Bali 82217",,BAC Jenderal Sudirman,Jembrana,Jenderal Sudirman,,-8.358291699999999,114.6343849,SUCCESS
261,Brain Academy,Kupang - Frans Seda,"Jalan Frans Seda No. 16 C, Fatululi, Oebobo, Kota Kupang, Nusa Tenggara Timur 85111",,BAC Frans Seda,Kupang,Frans Seda,,-10.1673145,123.6083936,SUCCESS
262,Brain Academy,Palangkaraya - RTA Milono,"Jl. RTA Milono KM 4 ruko no.200f Kel. Menteng Kec. Pahandut, Menteng, Kec. Jekan Raya, Kota Palangka Raya, Kalimantan Tengah 73113",,BAC RTA Milono,Palangkaraya,RTA Milono,,-2.2421041,113.9207471,SUCCESS
263,Brain Academy,Sangatta - Yos Sudarso,"Jl Yos Sudarso II, Kecamatan Sangatta Utara, Kelurahan Sangatta Utara, RT 15 kode pos 75683",,BAC Yos Sudarso,Sangatta,Yos Sudarso,,0.504228,117.5340054,SUCCESS
264,Brain Academy,Tarakan - Jendral Sudirman,Jalan jendral sudirman RT 04 kelurahan pamusian kecamatan Tarakan tengah,,BAC Jendral Sudirman,Tarakan,Jendral Sudirman,,3.3107102,117.5957403,SUCCESS
265,Brain Academy,Pangkep - Sultan Hasanuddin,"JI. Sultan Hasanuddin, Palampang, Kec. Pangkajene, Kabupaten Pangkajene Dan Kepulauan, Sulawesi Selatan 90614",,BAC Sultan Hasanuddin,Pangkep,Sultan Hasanuddin,,-4.8477886,119.5595918,SUCCESS
266,Brain Academy,Pinrang - Jend. Sudirman,"Jl. Jend. Sudirman, Kel. Jaya, Kec. Watang Sawitto, Kab. Pinrang",,BAC Jend. Sudirman,Pinrang,Jend. Sudirman,,-3.7959342,119.6515648,SUCCESS
267,Brain Academy,Wajo - Jend. Sudirman,"Jl. Jend Sudirman, Lapongkoda, Kec. Tempe, Kabupaten Wajo, Sulawesi Selatan 90913",,BAC Jend. Sudirman,Wajo,Jend. Sudirman,,-4.135071,120.0307108,SUCCESS
268,Brain Academy,Parepare - Mattirotasi,"Jl. Mattiro Tasi, Tiro Sompe, Kec. Bacukiki Bar., Kota Parepare, Sulawesi Selatan 91121",,BAC Mattirotasi,Parepare,Mattirotasi,,-4.0256749,119.6241838,SUCCESS
269,Brain Academy,Tana Toraja - Makale,"Jl. Tritura, Kampean, Kec. Makale, Tana Toraja",,BAC Makale,Tana Toraja,Makale,,-3.0892482,119.8484646,SUCCESS
270,Brain Academy,Luwuk Banggai - Moh. Hatta,"Jl. Dr. Moh. Hatta, Simpong, Luwuk, Kabupaten Banggai, Sulawesi Tengah 94711",,BAC Moh. Hatta,Luwuk Banggai,Moh. Hatta,,-0.9628596,122.7907659,SUCCESS
271,Brain Academy,Bitung - Girian,"Jl. Tomohon - Tanahwangko, Kelurahan Wangurer Timur, Kota Bitung, Sulawesi Utara (epan Gereja Kharisma Dodik)",,BAC Girian,Bitung,Girian,,1.4398986,125.1351304,SUCCESS
272,Brain Academy,Gorontalo - Nani Wartabone,"Jl. Hi. Nani Wartabone, RT 02 / RW 03, Kelurahan Limba U 1.",,BAC Nani Wartabone,Gorontalo,Nani Wartabone,,0.5476152,123.0624281,SUCCESS
273,Brain Academy,Tomohon - Matani,"Jl. Raya Tomohon, Matani Tiga, Kec. Tomohon Tengah, Kota Tomohon, Sulawesi Utara.",,BAC Matani,Tomohon,Matani,,1.3174897,124.8380735,SUCCESS
274,Brain Academy,BauBau - Batara Guru,"Jl. Batara Guru, No. 70, Wajo, Kec. Murhum, Bau Bau, Sulawesi Tenggara",,BAC Batara Guru,BauBau,Batara Guru,,-5.4617884,122.6024428,SUCCESS
275,Brain Academy,Kolaka - Pramuka,"Jl. Pramuka No.42, Lamokato, Kec. Kolaka, Kabupaten Kolaka, Sulawesi Tenggara 93511",,BAC Pramuka,Kolaka,Pramuka,,-4.0566768,121.5977227,SUCCESS
276,Brain Academy,Ternate - Takoma,"Jl. Hasan Esa No.153, Takoma, Kec. Ternate Tengah, Kota Ternate, Maluku Utara 97714",,BAC Takoma,Ternate,Takoma,,0.7817115,127.3840825,SUCCESS
277,Brain Academy,Sorong - Pramuka,Jl Pramuka No 6 D Remu Utara Distrik Sorong Kota Sorong Papua Barat 98416.,,BAC Pramuka,Sorong,Pramuka,,-0.8826915999999999,131.2859518,SUCCESS
278,Brain Academy,Lebak - Rangkasbitung,"Jl. Soekarno-Hatta Jl. Bypass Rangkasbitung, Kaduagung Tim., Kec. Cibadak, Kabupaten Lebak, Banten 42357",,BAC Rangkasbitung,Lebak,Rangkasbitung,,-6.3422058,106.2392847,SUCCESS
279,Brain Academy,Bima - Gajah Mada,"Jl. Gajah Mada No.98, RT./ Rw:/RW.05, 03, Kec. Mpunda, Kab. Bima, Nusa Tenggara Bar. 84111",,BAC Gajah Mada,Bima,Gajah Mada,,-8.4605164,118.7546082,SUCCESS
280,Brain Academy,Ketapang - R. Suprapto,Jl R.Suprapto RT 024/RW08 Kelurahan Tengah Kecamatan Delta Pawan kode pos 78813,,BAC R. Suprapto,Ketapang,R. Suprapto,,-1.8427601,109.9688669,SUCCESS
281,Brain Academy,Rengat - R. Suprapto,"Jl. R Suprapto No.80, RT./RW/RW.004/009, Sekip Hulu, Kec. Rengat, Kabupaten Indragiri Hulu, Riau 29319",,BAC R. Suprapto,Rengat,R. Suprapto,,-0.3748481,102.5474924,SUCCESS
282,Brain Academy,Tembilahan - M Boya,"JL.LEDTA, Jl. M. Boya KECAMATAN, RT.004/RW.008, Tembilahan Kota, Kec. Tembilahan, Kabupaten Indragiri Hilir, Riau 29212",,BAC M Boya,Tembilahan,M Boya,,-0.3223996,103.1561235,SUCCESS
283,Brain Academy,Tanjung Balai Karimun - Batu Lipai,"RUKO TELAGA HARAPAN BLOK 3B (BATU LIPAI) JL. TELAGA HARAPAN, BARAT, RT.003/RW.002, Sungai Lakam, Kec. Karimun, Kabupaten Karimun, Kepulauan Riau 29661",,BAC Batu Lipai,Tanjung Balai Karimun,Batu Lipai,,1.0030138,103.4089865,SUCCESS
284,Brain Academy,Bengkulu - Argamakmur,Jl. Ir. Sukarno RT.02 Kali Kec. Arga Makmur Kabupaten Bengkulu Utara Bengkulu 38611,,BAC Argamakmur,Bengkulu,Argamakmur,,-3.4427966,102.1757032,SUCCESS
285,Brain Academy,Kayu Agung - Pahlawan,Jalan. H. M. Yusuf Singedekane Jua Jua Kec. Kayu Agung 30867,,BAC Pahlawan,Kayu Agung,Pahlawan,,-3.4047434,104.8254286,SUCCESS
286,Brain Academy,Merangin - Bangko,Jl. H.A Rahman Syukur Rt 019/Rw 05 Kel Pematang Kandis Kec. Bangko Kode Pos. 37314,,BAC Bangko,Merangin,Bangko,,-2.0561596,102.2802989,SUCCESS
287,Brain Academy,Toli Toli - KH. Wahid Hasyim,Jl. KH. Wahid Hasyim No.1 Kel. Baru. Kec. Baolan. Toli toli. Sulawesi Tengah 94514,,BAC KH. Wahid Hasyim,Toli Toli,KH. Wahid Hasyim,,1.0309512,120.8181307,SUCCESS
288,Brain Academy,Tanjung Pandan - Sriwijaya,"Jl. Sriwijaya, Parit, Kec. Tj. Pandan, Kabupaten Belitung, Kepulauan Bangka Belitung 33416",,BAC Sriwijaya,Tanjung Pandan,Sriwijaya,,-2.7389746,107.6363719,SUCCESS
289,Brain Academy,Trenggalek - Tugu,Ruko graha. Jl. Soekarno Hatta. Kel. Ngantru. Kec. Trenggalek. Jawa Timur 66311,,BAC Tugu,Trenggalek,Tugu,,-8.0615627,111.7074042,SUCCESS
290,Brain Academy,Tulungagung - Boyolangu,"Jl. Ki Hajar Dewantara, Krajan, Beji, Kec. Boyolangu, Kabupaten Tulungagung, Jawa Timur 66233",,BAC Boyolangu,Tulungagung,Boyolangu,,-8.088891,111.9039319,SUCCESS
291,Brain Academy,Pangkalan Bun - Pakunegara,Jl. Pakunegara No 1 Kelurahan raja Kec. Arut Selatan 74112.,,BAC Pakunegara,Pangkalan Bun,Pakunegara,,-2.6751393,111.6380031,SUCCESS
292,Brain Academy,Berau - Ramania,"Jl. Ramania No.7, Karang Ambun, Kec. Tj. Redeb, Kabupaten Berau, Kalimantan, Timur, Karang Ambun, Kec. Tj. Redeb, Kabupaten Berau, Kalimantan Timur 77315",,BAC Ramania,Berau,Ramania,,2.1503566,117.5026383,SUCCESS
293,Brain Academy,Ende - Kelimutu,"Jalan Ahmad Yani , RT.023 RW.008, Kelurahan Kelimutu, Kecamatan Ende Tengah, Kabupaten Ende. Kode pos 86319",,BAC Kelimutu,Ende,Kelimutu,,-8.8482452,121.6574098,SUCCESS
294,Brain Academy,Bulukumba - Jend. Sudirman,"Jl. Jend Sudirman, Terang-terang, Kec. Ujung Bulu, Kabupaten Bulukumba, Sulawesi Selatan 92511",,BAC Jend. Sudirman,Bulukumba,Jend. Sudirman,,-5.5552326,120.1967462,SUCCESS
295,Brain Academy,Baturaja - Ahmad Yani,Jl. Jend. Ahmad Yani No 42 RT 43 Kemalaraja. Baturaja Timur Ogan Komering Ulu. Sumatera Selatan 32121,,BAC Ahmad Yani,Baturaja,Ahmad Yani,,-4.1253807,104.1728605,SUCCESS
296,Brain Academy,Bagan Batu - Simpang Pujud,"Jl. Lintas Km 6 Blok B72, Bahtera Makmur, Kec. Bagan Sinembah, Kabupaten Rokan Hilir, Riau 28992",,BAC Simpang Pujud,Bagan Batu,Simpang Pujud,,1.6994865,100.5708633,SUCCESS
297,Brain Academy,Selong - Ahmad Dahlan,Jl. KH Ahmad Dahlan No. 32 Pancor. Selong Lombok Timur. Nusa Tenggara Barat 83611,,BAC Ahmad Dahlan,Selong,Ahmad Dahlan,,-8.6476769,116.5218168,SUCCESS
298,Brain Academy,Kudus - Dersalam,JL. Jenderal Sudirman No 470 Dersalam. Bae Kudus. Jawa Tengah. 59321,,BAC Dersalam,Kudus,Dersalam,,-6.8040314,110.8673675,SUCCESS
299,Brain Academy,Lumajang - Tompokersan,"Jl. Brigjen Slamet Riyadi RT 07 RW 04, TOMPOKERSAN, LUMAJANG. LUMAJANG. JAWA TIMUR 67311",,BAC Tompokersan,Lumajang,Tompokersan,,-8.1234499,113.2168137,SUCCESS
300,Brain Academy,Bandar Lampung - Way Halim,"Jl. Sultan Agung No. 28 II C, Way Halim Permai. Way Halim, Bandar Lampung. Lampung 35135",,BAC Way Halim,Bandar Lampung,Way Halim,,-5.382956999999999,105.2800559,SUCCESS
301,Brain Academy,Atambua - Proklamasi,Jl. Proklamasi 015/005 Bardao. Atambua Barat. Atambua/Belu NTT 85715,,BAC Proklamasi,Atambua,Proklamasi,,-9.1052575,124.8937161,SUCCESS
302,Brain Academy,Depok - Sawangan,Jalan Raya Muchtar No. 8 dan No. 9. Sawangan Baru. Sawangan. Depok 16511,,BAC Sawangan,Depok,Sawangan,,-6.3998222,106.7659257,SUCCESS
303,Brain Academy,Indramayu - Sudirman,"Jl. Jend. Sudirman No. 176 02/11, Lemahmekar. Indramayu, Indramayu. Jawa Barat 45212",,BAC Sudirman,Indramayu,Sudirman,,-6.3380755,108.3370062,SUCCESS
304,Brain Academy,Yogyakarta - Taman Siswa,"Kirana Lowanu Residence, Ruko No.07 Kav 06, RT.: 001/RW.:01, Sorosutan, Kec. Umbulharjo, Kota Yogyakarta, Daerah Istimewa Yogyakarta 55162",,BAC Taman Siswa,Yogyakarta,Taman Siswa,,-7.821418,110.3772076,SUCCESS
305,Brain Academy,Karangasem - Ahmad Yani,"Jl. Ahmad Yani No. 14. Subagan, Karangasem. Karangasem. Bali 70813",,BAC Ahmad Yani,Karangasem,Ahmad Yani,,-8.455931999999999,115.6014452,SUCCESS
306,Brain Academy,Karanganyar - Tegalgede,"Jl. Citarum No 1. Donomulyo RT 01 / RW 04 - Tegalgedhe Karanganyar. Karanganyar, Jawa Tengah 57714",,BAC Tegalgede,Karanganyar,Tegalgede,,-7.6005603,110.9598421,SUCCESS
307,Brain Academy,Kendal - Rakese,Jl. Raya Kendal - Semarang No. 283. Pegulon. Kota Kendal. Kendal. Jawa Tengah 51313,,BAC Rakese,Kendal,Rakese,,-6.9207315,110.2022532,SUCCESS
308,Brain Academy,Praya - Jenderal Sudirman,"Jl. Jenderal Sudirman, Pertokoan no. C3-C4. Prapen. Praya. Lombok Tengah. Nusa Tenggara barat 83511",,BAC Jenderal Sudirman,Praya,Jenderal Sudirman,,-8.7090606,116.2754973,SUCCESS
309,Brain Academy,Parigi Moutong - Trans Sulawesi,Jl. Trans Sulawesi 07/04. Kampal. Parigi. Parigi Moutong. Sulawesi Tengah 94471,,BAC Trans Sulawesi,Parigi Moutong,Trans Sulawesi,,-0.8011845,120.166245,SUCCESS
310,Brain Academy,Bengkulu - Kepahiang,Jl. Santoso Pasar Kepahiang 009/003. Pensiunan. Kepahiang. Kepahiang. Bengkulu 39172,,BAC Kepahiang,Bengkulu,Kepahiang,,-3.6269163,102.5573035,SUCCESS
311,Brain Academy,Jambi - Sarolangun,Jl. Lintas Sumatera18/00. Dusun Sarolangun. Sarolangun. Sarolangun. Jambi 37481,,BAC Sarolangun,Jambi,Sarolangun,,-2.3065445,102.728552,SUCCESS
312,Brain Academy,Banda Aceh - Merduati,Jl Prof A Majid Ibrahim. Merduati. Kuta Raja. Banda Aceh. Aceh 23116,,BAC Merduati,Banda Aceh,Merduati,,5.552391999999999,95.31460679999999,SUCCESS
313,Brain Academy,Cikarang - Jababeka,"Hollywood Plaza No. 23 & 25, Jalan. H. Usmar Ismail. Mekarmukti. Cikarang Utara. Bekasi. Jawa Barat 17534",,BAC Jababeka,Cikarang,Jababeka,,-6.2940553,107.1709331,SUCCESS
314,Brain Academy,Pasuruan - Bangil,Jl. Salem No. 99 rt/rw 06/01. Gempeng. Bangil. Kabupaten Pasuruan. Jawa Timur 67153,,BAC Bangil,Pasuruan,Bangil,,-7.5934278,112.7922132,SUCCESS
315,Brain Academy,Sigli - A Majid Ibrahim,Jl A Majid Ibrahim No 1-2 A. Gampong Paya. Pidie. Pidie. Aceh 24164,,BAC A Majid Ibrahim,Sigli,A Majid Ibrahim,,5.3735686,95.958299,SUCCESS
316,Brain Academy,Bojonegoro - Padangan,Jl Raya Kartini No 28. Kalangan. Padangan. Bojonegoro. Jawa Timur 62162,,BAC Padangan,Bojonegoro,Padangan,,-7.156037599999999,111.6165165,SUCCESS
317,Brain Academy,Magelang - Muntilan,"Ruko Munsen Kav. B9 B9 & B10, Jl. Tambakan. Tamanagung. Muntilan. Magelang. Jawa Tengah 56413",,BAC Muntilan,Magelang,Muntilan,,-7.5800084,110.2851351,SUCCESS
318,Brain Academy,Langkat - Stabat,Jl. Proklamasi. Kwala Bingai. Stabat. Langkat. Sumatera Utara 20811,,BAC Stabat,Langkat,Stabat,,3.7329384,98.4340269,SUCCESS
319,Brain Academy,Kroya - Jenderal Sudirman,Jl Jenderal Sudirman No.72 RT 010/ RW 06. Kroya. Kroya. Cilacap. Jawa Tengah 53282,,BAC Jenderal Sudirman,Kroya,Jenderal Sudirman,,-7.632152499999999,109.2442505,SUCCESS
320,Brain Academy,Pasir Pengaraian - Tuanku Tambusai,Jl. Tuanku Tambusai No 88 RT/RW : 001/006. Pematang Berangan. Rambah. Rokan Hulu. Riau 28560,,BAC Tuanku Tambusai,Pasir Pengaraian,Tuanku Tambusai,,0.8751652999999999,100.2915331,SUCCESS
321,Brain Academy,Sampit - D.I Panjaitan,Jl. D.I Panjaitan no 28. Mentawa Baru Hulu. Mentawa hulu/Ketapang. Kotawaringin Timur. Kalimantan Tengah 74322,,BAC D.I Panjaitan,Sampit,D.I Panjaitan,,-2.5565267,112.9618092,SUCCESS
322,Brain Academy,Painan - Pagaruyung,Jl. Pagaruyung I Utara. Painan Utara. IV Jurai. Pesisir Selatan. Sumatera Barat 25651,,BAC Pagaruyung,Painan,Pagaruyung,,-1.341459,100.5797939,SUCCESS
323,Brain Academy,Bangkalan - Soekarno Hatta,Jl. Soekarno Hatta 18 001/003. Mlajah. Bangkalan. Kabupaten Bangkalan. Jawa Timur 69116,,BAC Soekarno Hatta,Bangkalan,Soekarno Hatta,,-7.047021900000001,112.7351375,SUCCESS
324,Brain Academy,Tanjung Balai - Jenderal Sudirman,Jl. Jenderal Sudirman no. 51 A. Tanjung Balai Kota 1. Tanjung Balai Selatan. Tanjung Balai. Sumatera Utara 21311,,BAC Jenderal Sudirman,Tanjung Balai,Jenderal Sudirman,,2.9606622,99.80159139999999,SUCCESS
325,Brain Academy,Meulaboh - Johan Pahlawan,Jl. Manek Roo No 9. Drien Rampak. Johan Pahlawan. Aceh Barat. Aceh 23611,,BAC Johan Pahlawan,Meulaboh,Johan Pahlawan,,4.1553795,96.1285101,SUCCESS
326,Brain Academy,Rembang - RA Kartini,Jl. RA Kartini No. 14. Kutoharjo. Rembang. Rembang. Jawa Tengah 59215,,BAC RA Kartini,Rembang,RA Kartini,,-6.706103,111.3420011,SUCCESS
327,Brain Academy,Takengon - Lebe Kader,Jl. Lebe Kader. Blang Kolak I. Bebesen. Aceh Tengah. Aceh 24519,,BAC Lebe Kader,Takengon,Lebe Kader,,4.627712,96.8448689,SUCCESS
328,Brain Academy,Banjar - Didi Kartasasmita,Jl. Mayjen Didi Kartasasmita No. 12 B 03/ 06. Banjar. Banjar. Jawa Barat 46311,,BAC Didi Kartasasmita,Banjar,Didi Kartasasmita,,-7.367464000000001,108.5343107,SUCCESS
329,Brain Academy,Kendari - Malaka Square,JL. Malaka komplek ruko Square No.3. Andounohu. Poasia. Kendari. Sulawesi Tenggara 93231,,BAC Malaka Square,Kendari,Malaka Square,,-3.9948836,122.5334712,SUCCESS
330,Brain Academy,Gombong - Puring,Jl. Puring RT 01/ RW 05. Wonokriyo. Gombong. Kebumen. Jawa Tengah 54411,,BAC Puring,Gombong,Puring,,-7.6119808,109.5094983,SUCCESS
331,Brain Academy,Badung - Kapal,Jl. Raya Kapal No.38. Kapal. Mengwi. Badung. Bali 80351,,BAC Kapal,Badung,Kapal,,-8.5772002,115.1807118,SUCCESS
332,Brain Academy,Pandan - Nauli,Jl. Sibolga Padangsidempuan. Sibuluan Indah. Pandan. Kabupaten Tapanuli Tengah. Sumatra Utara 22611,,BAC Nauli,Pandan,Nauli,,1.6946438,98.8202499,SUCCESS
333,Brain Academy,Raha - Gatot Subroto,Jl. Gatot Subroto no. 10. Wamponiki. Katobu. Raha / Kabupaten Muna. Sulawesi Tenggara 93614,,BAC Gatot Subroto,Raha,Gatot Subroto,,-4.8273994,122.7252011,SUCCESS
334,Brain Academy,Sidikalang - FL Tobing,Jln. FL Tobing No.155. Batang Beruh. Sidikalang. Kabupaten Dairi. Sumatera Utara 22212,,BAC FL Tobing,Sidikalang,FL Tobing,,2.745626,98.31481269999999,SUCCESS
335,Brain Academy,Solok - Pandan,Jl. Prof. Dr. Moh. Yamin SH No 83C RT/RW : 002/001. Ps. Pandan Air Mati. Tanjung Harapan. Kota Solok. Sumatera Barat 27317,,BAC Pandan,Solok,Pandan,,-0.7887809,100.6625911,SUCCESS
336,Brain Academy,Jombang - Mojoagung,Jl. Raya Gambiran No.92 RT/RW 003/002. Gambiran. Mojoagung. Jombang. Jawa Timur 61482,,BAC Mojoagung,Jombang,Mojoagung,,-7.570301199999999,112.3410383,SUCCESS
337,Brain Academy,Mojokerto - Letkol Sumarjo,Jl. Letkol Sumarjo No. 55 RT/RW : 003/001. Purwotengah. Kranggan. Kota Mojokerto. Jawa Timur 61311,,BAC Letkol Sumarjo,Mojokerto,Letkol Sumarjo,,-7.4631378,112.4354369,SUCCESS
338,Brain Academy,Batang - Pemuda,Jl. Pemuda No. 10. Kauman. Batang. Kabupaten Batang. Jawa Tengah 51216,,BAC Pemuda,Batang,Pemuda,,-6.9207902,109.7272159,SUCCESS
339,Brain Academy,Madiun - Caruban,Jl. Diponegoro 1 RT 09. RW.03. Bangunsari. Mejayan. Kabupaten Madiun. Jawa Timur 63153,,BAC Caruban,Madiun,Caruban,,-7.542264500000001,111.658758,SUCCESS
340,Brain Academy,Brebes - Sultan Agung,Jl. Sultan Agung RT/RW : 01/03. Kauman. Brebes. Kab. Brebes. Jawa Tengah 52212,,BAC Sultan Agung,Brebes,Sultan Agung,,-6.8766171,109.0392158,SUCCESS
341,Brain Academy,Pacitan - Baleharjo,Jl. K. Umar no. 14 RT/RW 002/002. Baleharjo. Pacitan. Pacitan. Jawa Timur 63511,,BAC Baleharjo,Pacitan,Baleharjo,,-8.19657,111.1037741,SUCCESS
342,Brain Academy,Jakarta Selatan - Blok M,"Jl. Panglima Polim No.77A, RT.1/RW.7, Melawai, Kec. Kby. Baru, Kota Jakarta Selatan, Daerah Khusus Ibukota Jakarta 12160",,BAC Blok M,Jakarta Selatan,Blok M,"Dinda Fariesta Nugraha
Risang Priyo Wijoyo
Raissa Zhafira Sulaeman
Ekawati Sudjono
Tsabitha Afnan Putri Wahyudhi
Hilmy Bravianto
Mokhammad Ardafillah",-6.251158999999999,106.797664,SUCCESS
343,Brain Academy,Jakarta Utara - Kelapa Gading Plus,"Jl. Boulevard Artha Gading No.11 Blok B, RT.18/RW.8, West Kelapa Gading, Kelapa Gading, North Jakarta City",,BAC Kelapa Gading Plus,Jakarta Utara,Kelapa Gading,"Syifa Syauqina
Samantha Meliora
Muhammad Asadullah Al Ghozi
Nathania Miranda Hulu
Chiessa Vianita",-6.1460062,106.8932903,SUCCESS
344,Brain Academy,Jakarta Barat - Mall Taman Anggrek,"Jl. Letjen S. Parman No.Kav 21, RT.12/RW.1, Tj. Duren Sel., Kec. Grogol petamburan, Kota Jakarta Barat, Daerah Khusus Ibukota Jakarta 11470",,BAC Mall Taman Anggrek,Jakarta Barat,Mall Taman Anggrek,,-6.1784089,106.7956829,SUCCESS
345,Brain Academy,Karawang - Resinda Park Mall,"Resinda Park Mall, Jl. Resinda Raya No.2, Purwadana, Kec. Karawang Bar., Karawang, Jawa Barat 41361",,BAC Resinda Park Mall,Karawang,Resinda Park Mall,,-6.3013568,107.2780537,SUCCESS
346,Brain Academy,Cimahi - Amir Machmud Plus,"Jl. Amir Machmud RT 04 RW 02, Cimahi, Cimahi Tengah, Kota Cimahi, Jawa Barat, 40525",,BAC Amir Machmud Plus,Cimahi,Amir Machmud Plus,,-6.8764736,107.5467896,SUCCESS
347,Brain Academy,Cianjur - Pangeran Hidayatullah,"Jl. Pangeran Hidayatullah No. 10 C, RT.02/RW.05, Sawah Gede, Kec, Kabupaten Cianjur, Jawa Barat 43212",,BAC Pangeran Hidayatullah,Cianjur,Pangeran Hidayatullah,,-6.826503,107.134915,SUCCESS
348,Brain Academy,Solo - Letjen Sutoyo,"Jl. Letjen Sutoyo No 22A, Kel. Nusukan, Kec. Banjarsari, Surakarta, Jawa Tengah 57135",,BAC Letjen Sutoyo,Solo,Letjen Sutoyo,,-7.549249599999999,110.8302881,SUCCESS
349,Brain Academy,Banjarmasin - Taman Kamboja,Jl. Anang Adenansi No. 2 (sebelah Klinik Grand Eye) RT 001/RW 01 Kel. Teluk Dalam Kec. Banjarmasin Tengah Kota Banjarmasin Prov. Kalimantan Selatan 70231,,BAC Taman Kamboja,Banjarmasin,Taman Kamboja,,-3.3200778,114.5871623,SUCCESS
350,Brain Academy,Cirebon - Dr. Cipto Mangunkusumo,Jl DR Cipto Mk No 14 A RT 002 RW 006 Pekiringan Kesambi Kota Cirebon Jawa Barat 45131,,BAC Dr. Cipto Mangunkusumo,Cirebon,Dr. Cipto Mangunkusumo,,-6.7271943,108.5489853,SUCCESS
351,Brain Academy,Pasangkayu - Ir. Soekarno,Jl. Ir. Soekarno RT 00/RW 00 Kel. Pasangkayu Kec. Pasangkayu Kab. Pasangkayu Prov. Sulawesi Barat 91571,,BAC Ir. Soekarno,Pasangkayu,Ir. Soekarno,,-1.1870462,119.3430315,SUCCESS
352,Brain Academy,Sukabumi - Cibadak,Jl. Perintis Kemerdekaan No. 2 Ruko A RT 001/RW 024 Kel. Sekarwangi Kec. Cibadak Kab. Sukabumi Prov. Jawa Barat 43351,,BAC Cibadak,Sukabumi,Cibadak,,-6.901351399999999,106.7770598,SUCCESS
353,Brain Academy,Tangerang - Cipondoh,Jl. KH Hasyim Ashari RT 003/RW 01 Kel. Poris Plawad Utara Kec. Cipondoh Kota Tangerang Prov. Banten 15141,,BAC Cipondoh,Tangerang,Cipondoh,,-6.1878403,106.6624579,SUCCESS
354,Brain Academy,Yogyakarta - Kaliurang KM 10,Jl. Kaliurang Km 10 Rejosari RT 07/RW 43 Kel. Sardonoharjo Kec. Ngaglik Kab. Sleman Prov. DI Yogyakarta 55581,,BAC Kaliurang KM 10,Yogyakarta,Kaliurang KM 10,,-7.7233103,110.4019288,SUCCESS
355,Brain Academy,Tasikmalaya - Ciawi,Jl. Pelita RT 004/RW 005 Kel. Pakemitan Kec. Ciawi Kab. Tasikmalaya Prov. Jawa Barat 46156,,BAC Ciawi,Tasikmalaya,Ciawi,,-7.155462500000001,108.1532436,SUCCESS
356,English Academy,Badung - Kapal,"Jl. Raya Kapal No.38, Kapal, Kec. Mengwi, Kabupaten Badung, Bali 80351",,EAC Kapal,Badung,Kapal,,-8.5772002,115.1807118,SUCCESS
357,English Academy,Bagan Batu - Simpang Pujud,"Jl. Lintas Sumatera No.Km 6 Blok B72, Bahtera Makmur, Kec. Bagan Sinembah, Kabupaten Rokan Hilir, Riau 28992",,EAC Simpang Pujud,Bagan Batu,Simpang Pujud,,1.6994865,100.5708633,SUCCESS
358,English Academy,Balikpapan - Jendral Sudirman,"Komplek Ruko Bandar, Jl. Jenderal Sudirman Blok B No. 3 & 33, Klandasan Ulu, Kec. Balikpapan Kota, Kota Balikpapan, Kalimantan Timur 76112",,EAC Jendral Sudirman,Balikpapan,Jendral Sudirman,,-1.2772969,116.8359196,SUCCESS
359,English Academy,Balikpapan - MT Haryono,"Jl. MT Haryono No.4 RT 60, Damai, Kec. Balikpapan Kota, Kota Balikpapan, Kalimantan Timur 76114",,EAC MT Haryono,Balikpapan,MT Haryono,,-1.2578419,116.867629,SUCCESS
360,English Academy,Banda Aceh - Jambo Tape,"Jl. Syiah Kuala No.11, RW.12, Banda Baru, Kec. Kuta Alam, Kota Banda Aceh, Aceh 23126",,EAC Jambo Tape,Banda Aceh,Jambo Tape,,5.561347899999999,95.330142,SUCCESS
361,English Academy,Banda Aceh - Teuku Nyak Arief,"Jl. Teuku Nyak Arief No.1, RW.2, Lamgugob, Kec. Syiah Kuala, Kota Banda Aceh, Aceh 23115",,EAC Teuku Nyak Arief,Banda Aceh,Teuku Nyak Arief,,5.5794296,95.35378159999999,SUCCESS
362,English Academy,Bandar Lampung - Gajah Mada,"Jl. Gajah Mada No.76E, Kota Baru, Kec. Tanjungkarang Timur, Kota Bandar Lampung, Lampung 35128",,EAC Gajah Mada,Bandar Lampung,Gajah Mada,,-5.414834099999999,105.2667644,SUCCESS
363,English Academy,Bandar Lampung - Sumur Batu,"Jl. Diponegoro No.129, Sumur Batu, Kec. Tlk. Betung Utara, Kota Bandar Lampung, Lampung 35214",,EAC Sumur Batu,Bandar Lampung,Sumur Batu,,-5.4372438,105.2653721,SUCCESS
364,English Academy,Bandung - Antapani,"Jl. Terusan Jakarta No.30, Babakan Surabaya, Kec. Kiaracondong, Kota Bandung, Jawa Barat 40281",,EAC Antapani,Bandung,Antapani,,-6.9130262,107.6485889,SUCCESS
365,English Academy,Bandung - Baleendah,"Jl. Raya Banjaran Barat, RT.001/RW.011, Andir, Kec. Baleendah, Kabupaten Bandung, Jawa Barat 40375",,EAC Baleendah,Bandung,Baleendah,,-7.0101716,107.6109763,SUCCESS
366,English Academy,Bandung - Bengawan,"Jl. Bengawan no.65, Kelurahan Cihapit, Kecamatan Bandung Wetan, Kota Bandung, Jawa Barat 40114",,EAC Bengawan,Bandung,Bengawan,,-6.909747899999999,107.6279286,SUCCESS
367,English Academy,Bandung - Buahbatu,"Jl. Buah Batu No.50, Cijagra, Kec. Lengkong, Kota Bandung, Jawa Barat 40262",,EAC Buahbatu,Bandung,Buahbatu,,-6.932407299999999,107.6181089,SUCCESS
368,English Academy,Bandung - Kopo,"Jl. Terusan Kopo Ruko No.366 B, Margahayu Sel., Kec. Margahayu, Kabupaten Bandung, Jawa Barat 40226",,EAC Kopo,Bandung,Kopo,,-6.9758204,107.5651397,SUCCESS
369,English Academy,Bandung - MTC,"Metro Indah Mall, Komplek Metro Trade Centre, Jl. Soekarno-Hatta blok No.D25, Sekejati, Kec. Buahbatu, Kota Bandung, Jawa Barat 40286",,EAC MTC,Bandung,MTC,,-6.9430841,107.6596903,SUCCESS
370,English Academy,Bandung - Pajajaran,"Jl. Abdul Rahman Saleh No.50, Husen Sastranegara, Kec. Cicendo, Kota Bandung, Jawa Barat 40174",,EAC Pajajaran,Bandung,Pajajaran,,-6.907467599999999,107.5825306,SUCCESS
371,English Academy,Bandung - Setiabudi,"Jl. Dr. Setiabudi.146a, RT.000/RW00, Hegarmanah, Kec. Cidadap, Hegarmanah, Kota, Kota Bandung, Jawa Barat 40141",,EAC Setiabudi,Bandung,Setiabudi,,-6.874301,107.596338,SUCCESS
372,English Academy,Banjar - Didi Kartasasmita,"Jl. Mayjen Didi Kartasasmita, Banjar, Kec. Banjar, Kota Banjar, Jawa Barat 46311",,EAC Didi Kartasasmita,Banjar,Didi Kartasasmita,,-7.3648096,108.5346702,SUCCESS
373,English Academy,Banjarbaru - Ahmad Yani,"Jl. A. Yani No.KM 32, RW.5, Guntung Payung, Kec. Landasan Ulin, Kota Banjar Baru, Kalimantan Selatan 70721",,EAC Ahmad Yani,Banjarbaru,Ahmad Yani,,-3.446462,114.8080748,SUCCESS
374,English Academy,Banjarmasin - Gatot Subroto,"Jl. Gatot Subroto No.41, Kebun Bunga, Kec. Banjarmasin Tim., Kota Banjarmasin, Kalimantan Selatan 70235",,EAC Gatot Subroto,Banjarmasin,Gatot Subroto,,-3.329498,114.6164285,SUCCESS
375,English Academy,Banjarmasin - Hasan Bashri,"Jl. Brigjend H. Hasan Basri No.1, Pangeran, Kec. Banjarmasin Utara, Kota Banjarmasin, Kalimantan Selatan 70124",,EAC Hasan Bashri,Banjarmasin,Hasan Bashri,,-3.2795687,114.5879555,SUCCESS
376,English Academy,Banjarmasin - Taman Kamboja,"sebelah Klinik Grand Eye, Jl. Anang Adenansi No.2, RT.001/RW.01, Tlk. Dalam, Kec. Banjarmasin Tengah, Kota Banjarmasin, Kalimantan Selatan 70124",,EAC Taman Kamboja,Banjarmasin,Taman Kamboja,,-3.3200778,114.5871623,SUCCESS
377,English Academy,Banyuwangi - Brawijaya,"Jl. Brawijaya, Lingkungan Jl. Watu Ulo No.35A, Lingkungan Watu Ulo R, Mojopanggung, Kec. Giri, Kabupaten Banyuwangi, Jawa Timur 68417",,EAC Brawijaya,Banyuwangi,Brawijaya,,-8.220011399999999,114.348222,SUCCESS
378,English Academy,Batam - Batam Center,"Kec, Graphika Commercial Park, Jl. Bakal No.3 Blok A, Taman Baloi, Kec. Batam Kota, Kota Batam, Kepulauan Riau 29444",,EAC Batam Center,Batam,Batam Center,,1.1117609,104.0351942,SUCCESS
379,English Academy,Batu - Agus Salim,"Jl. Agus Salim No.141, Temas, Kec. Batu, Kota Batu, Jawa Timur 65315",,EAC Agus Salim,Batu,Agus Salim,,-7.8825699,112.5296886,SUCCESS
380,English Academy,BauBau - Batara Guru,"Jl. Batara Guru No.70, Nganganaumala, Kec. Batu Poaro, Kota Bau-Bau, Sulawesi Tenggara 93717",,EAC Batara Guru,BauBau,Batara Guru,,-5.4617884,122.6024428,SUCCESS
381,English Academy,Bekasi - Bintara,"Jl. Puri Bintara Regency No.Blok S, RT.020/RW.002, Bintara, Kec. Bekasi Bar., Kota Bks, Jawa Barat 17134",,EAC Bintara,Bekasi,Bintara,,-6.2306075,106.9520424,SUCCESS
382,English Academy,Bekasi - Cibubur,"RT.001/RW.003, Jatikarya, Jatisampurna, Bekasi, West Java 17435",,EAC Cibubur,Bekasi,Cibubur,,-6.378555599999999,106.9159398,SUCCESS
383,English Academy,Bekasi - Galaxy,"Jalan Pulo Ribung Raya, Blok AR.1 No.7, RT.001/RW.019, Jaka Setia, Kec. Bekasi Sel., Kota Bks, Jawa Barat 17147",,EAC Galaxy,Bekasi,Galaxy,,-6.267395,106.9694878,SUCCESS
384,English Academy,Bekasi - Grand Wisata,"Jl. Celebration Boulevard Jl. Grand Wisata No.23 Ruko AA-10 No.22, Lambangsari, Kec. Tambun Sel., Kabupaten Bekasi, Jawa Barat 17510",,EAC Grand Wisata,Bekasi,Grand Wisata,,-6.2813627,107.042613,SUCCESS
385,English Academy,Bekasi - Harapan Indah,"Jl. Boulevard Hijau Raya Blok B6 No 20, RT.007/RW.009, Pejuang, Kecamatan Medan Satria, Kota Bks, Jawa Barat 17131",,EAC Harapan Indah,Bekasi,Harapan Indah,,-6.184850399999999,106.9837237,SUCCESS
386,English Academy,Bekasi - Jatiasih,"Jl. Raya Jatiasih Ruko, RT.010/RW.003, Jatirasa, Kec. Jatiasih, Kota Bks, Jawa Barat 17423",,EAC Jatiasih,Bekasi,Jatiasih,,-6.2947259,106.9653232,SUCCESS
387,English Academy,Bekasi - Summarecon,"Summarecon, Jl. Bulevar Selatan No.07 Blok UA7, RT.004/RW.011, Marga Mulya, Bekasi Utara, Bekasi, West Java 17142",,EAC Summarecon,Bekasi,Summarecon,,-6.2291737,106.9996013,SUCCESS
388,English Academy,Bekasi - Tambun,"Komplek Ruko Tambun City, Jl. Sultan Hasanudin No.263 265, RW.Keluarahan, Tambun, Kec. Tambun Sel., Kabupaten Bekasi, Jawa Barat 17510",,EAC Tambun,Bekasi,Tambun,,-6.2640354,107.0731836,SUCCESS
389,English Academy,Bengkulu - Argamakmur,"Jl. Ir. Sukarno No.RT.02, Kali, Kec. Arga Makmur, Kabupaten Bengkulu Utara, Bengkulu 38611",,EAC Argamakmur,Bengkulu,Argamakmur,,-3.4427966,102.1757032,SUCCESS
390,English Academy,Bengkulu - Manna,"Jl. Jenderal Ahmad Yani No.46, RT.06, Ibul, Kec. Kota Manna, Kabupaten Bengkulu Selatan, Bengkulu 38511",,EAC Manna,Bengkulu,Manna,,-4.460936,102.9184028,SUCCESS
391,English Academy,Bengkulu - S. Parman,"Jl. S. Parman 6 No.94, Padang Jati, Kec. Ratu Samban, Kota Bengkulu, Bengkulu 38223",,EAC S. Parman,Bengkulu,S. Parman,,-3.8006354,102.2735809,SUCCESS
392,English Academy,Berau - Durian,"Jl. Durian III No.060, RT.013, Tj. Redeb, Kec. Tj. Redeb, Kabupaten Berau, Kalimantan Timur 77311, Tj. Redeb, Kec. Tj. Redeb, Kabupaten Berau, Kalimantan Timur 77315",,EAC Durian,Berau,Durian,,2.147662,117.4907734,SUCCESS
393,English Academy,Berau - Ramania,"Jl. Ramania No.7, Karang Ambun, Kec. Tj. Redeb, Kabupaten Berau, Kalimantan, Timur, Karang Ambun, Kec. Tj. Redeb, Kabupaten Berau, Kalimantan Timur 77315",,EAC Ramania,Berau,Ramania,,2.1503566,117.5026383,SUCCESS
394,English Academy,Bima - Gajah Mada,"l. Gajah Mada No.98, RT./ Rw:/RW.05, 03, Kec. Mpunda, Kab. Bima, Nusa, Tenggara Bar. 84111, Penatoi, Kec. Mpunda, Kab. Bima, Nusa Tenggara Bar. 84111",,EAC Gajah Mada,Bima,Gajah Mada,,-8.4605164,118.7546082,SUCCESS
395,English Academy,Bitung - Girian,"Jl. Wolter Monginsidi, RT.003/RW.03, Wangurer Bar., Kec. Girian, Kota Bitung, Sulawesi Utara 95543",,EAC Girian,Bitung,Girian,,1.4399853,125.131867,SUCCESS
396,English Academy,Blitar - Bung Karno,"Jl. Kalimantan No.18 A & 18 B, Sananwetan, Kec. Sananwetan, Kota Blitar, Jawa Timur 66133",,EAC Bung Karno,Blitar,Bung Karno,,-8.103933,112.181015,SUCCESS
397,English Academy,Bogor - Air Mancur,"Jl. Jend. Sudirman No.52, RT.01/RW.03, Sempur, Kecamatan Bogor Tengah, Kota Bogor, Jawa Barat 16129",,EAC Air Mancur,Bogor,Air Mancur,,-6.582089799999999,106.7969705,SUCCESS
398,English Academy,Bogor - Kota Wisata,"Jl. Raya Kota Wisata Ruko Oregon No.TCR 31, Ciangsana, Kec. Gn. Putri, Kabupaten Bogor, Jawa Barat 16968",,EAC Kota Wisata,Bogor,Kota Wisata,,-6.351954099999999,106.9642907,SUCCESS
399,English Academy,Bogor - Metland Cileungsi,"Ruko, Jl. Kota Taman Metropolitan PTM 1 No.17B, Cileungsi, Kec. Cileungsi, Kabupaten Bogor, Jawa Barat 16820",,EAC Metland Cileungsi,Bogor,Metland Cileungsi,,-6.3978656,106.9726627,SUCCESS
400,English Academy,Bondowoso - Diponegoro,"Jl. Diponegoro, RT./RW/RW.25/05, Kotakulon, Kec. Bondowoso, Kabupaten Bondowoso, Jawa Timur 68213",,EAC Diponegoro,Bondowoso,Diponegoro,,-7.9085334,113.8145245,SUCCESS
401,English Academy,Bone - Ahmad Yani,"Jl. Jend. Ahmad Yani, Jeppee, Kec. Tanete Riattang Bar., Kabupaten Bone, Sulawesi Selatan 92732",,EAC Ahmad Yani,Bone,Ahmad Yani,,-4.5401436,120.3195158,SUCCESS
402,English Academy,Boyolali - Merdeka,"Jl. Merdeka Timur, Wonosari, Kemiri, Kec. Mojosongo, Kabupaten Boyolali, Jawa Tengah 57482",,EAC Merdeka,Boyolali,Merdeka,,-7.5447046,110.6123397,SUCCESS
403,English Academy,Brebes - Sultan Agung,"Jl. Sultan Agung No.1, Kaumanpulo, Brebes, Kec. Brebes, Kabupaten Brebes, Jawa Tengah 52212",,EAC Sultan Agung,Brebes,Sultan Agung,,-6.8738153,109.040079,SUCCESS
404,English Academy,Bukittinggi - Jambu Air,"Pertokoan Panama Petak Jl. Raya Kapas Panji No.4, Taluak Ampek Suku, Kec. Banuhampu, Kabupaten Agam, Sumatera Barat 26181",,EAC Jambu Air,Bukittinggi,Jambu Air,,-0.3268717,100.3801758,SUCCESS
405,English Academy,Bulukumba - Jend. Sudirman,"Jl. Jend Sudirman, Terang-Terang, Kec. Ujung Bulu, Kabupaten Bulukumba, Sulawesi Selatan 92510",,EAC Jend. Sudirman,Bulukumba,Jend. Sudirman,,-5.5552326,120.1967462,SUCCESS
406,English Academy,Ciamis - Samuji,"Jl. Letnan Samuji Komplek Ruko No.39-40, RT.03/RW.21, Kelurahan Ciburial, Kec. Ciamis, Kabupaten Ciamis, Jawa Barat 46211",,EAC Samuji,Ciamis,Samuji,,-7.329422800000001,108.3592555,SUCCESS
407,English Academy,Cibinong - Tegar Beriman,"Cibinong City Centre, Komplek Jl. Tegar Beriman No.3B Blok B, Pakansari, Cibinong, Bogor Regency, West Java 16911",,EAC Tegar Beriman,Cibinong,Tegar Beriman,,-6.4855269,106.8400614,SUCCESS
408,English Academy,Cikarang - Cifest,"Ruko Cikarang Central City, CIFEST, Jl. Raya Cikarang - Cibarusah No.22 Blk F, Sukadami, Cikarang Sel., Kabupaten Bekasi, Jawa Barat 17530",,EAC Cifest,Cikarang,Cifest,,-6.3401255,107.1198653,SUCCESS
409,English Academy,Cilacap - S. Parman,"Jl. S. Parman No.10D, Cilacap, Sidanegara, Kec. Cilacap Tengah, Kabupaten Cilacap, Jawa Tengah 53223",,EAC S. Parman,Cilacap,S. Parman,,-7.726704299999999,109.0135097,SUCCESS
410,English Academy,Cilegon - PCI,"Business Square, Jl. Pondok Cilegon Indah Blok A-15, Kedaleman, Kec. Cibeber, Kota Cilegon, Banten 42422",,EAC PCI,Cilegon,PCI,,-6.0388156,106.0746389,SUCCESS
411,English Academy,Cimahi - Amir Machmud,"Jl. Jend. H. Amir Machmud No.268B, Cimahi, Kec. Cimahi Tengah, Kota Cimahi, Jawa Barat 40525",,EAC Amir Machmud,Cimahi,Amir Machmud,,-6.8752531,107.545026,SUCCESS
412,English Academy,Cirebon - CSB Mall,"Ruko CSB Mall Office Park, Jl. DR. Cipto Mangunkusumo No.26, Pekiringan, Kec. Kesambi, Kota Cirebon, Jawa Barat 45131",,EAC CSB Mall,Cirebon,CSB Mall,,-6.7182514,108.5499088,SUCCESS
413,English Academy,Denpasar - Mahendradatta,"Jl. Mahendradatta No.A5, Padangsambian, Kec. Denpasar Bar., Kota Denpasar, Bali 80119",,EAC Mahendradatta,Denpasar,Mahendradatta,,-8.6689811,115.1905848,SUCCESS
414,English Academy,Denpasar - Renon,"Jl. Raya Puputan No.64D, Dangin Puri Klod, Kec. Denpasar Tim., Kota Denpasar, Bali 80234",,EAC Renon,Denpasar,Renon,,-8.672787099999999,115.2231561,SUCCESS
415,English Academy,Depok - Cinere,"Jl. Cinere Raya, Cinere, Kec. Cinere, Kota Depok, Jawa Barat 16514",,EAC Cinere,Depok,Cinere,,-6.3362217,106.7818165,SUCCESS
416,English Academy,Depok - Margonda,"Jl. Margonda No.341, Kemiri Muka, Kecamatan Beji, Kota Depok, Jawa Barat 16424",,EAC Margonda,Depok,Margonda,,-6.374021,106.8322475,SUCCESS
417,English Academy,Depok - Sawangan,"Jl. Raya Muchtar No.83, Sawangan Baru, Kec. Sawangan, Kota Depok, Jawa Barat 16511",,EAC Sawangan,Depok,Sawangan,,-6.400721799999999,106.7719323,SUCCESS
418,English Academy,Depok - Sukmajaya,"Jl. Proklamasi, Mekar Jaya, Kec. Sukmajaya, Kota Depok, Jawa Barat 16411",,EAC Sukmajaya,Depok,Sukmajaya,,-6.3920977,106.8388723,SUCCESS
419,English Academy,Dumai - Jendral Sudirman,"Jalan Jendral Sudirman, 391. Kel. Dumai Timur, Bintan, Kec. Dumai Kota, Kota Dumai, Riau 28822",,EAC Jendral Sudirman,Dumai,Jendral Sudirman,,1.6737773,101.4483903,SUCCESS
420,English Academy,Duri - Hangtuah,"Jl. Hangtuah Jl. Akasia, Duri Bar., Kec. Mandau, Kabupaten Bengkalis, Riau 28783",,EAC Hangtuah,Duri,Hangtuah,,1.2698495,101.1839137,SUCCESS
421,English Academy,Garut - Perintis,"Komplek Pertokoan Garut Hyper Square, Kompleks Ruko Anarto Pinngir Wahdana, Jl. Perintis Kemerdekaan No.Kav A1, Haurpanggung, Kec. Tarogong Kidul, Kabupaten Garut, Jawa Barat 44151",,EAC Perintis,Garut,Perintis,,-7.209150600000001,107.9020165,SUCCESS
422,English Academy,Gianyar - Dharma giri,"Jl. Dharma Giri, Bitera, Kec. Gianyar, Kabupaten Gianyar, Bali 80515",,EAC Dharma giri,Gianyar,Dharma giri,,-8.544048,115.3143665,SUCCESS
423,English Academy,Gombong - Puring,"Jl. Puring - Gombong, RT.01/RW.05, Wonokriyo, Kec. Gombong, Kabupaten Kebumen, Jawa Tengah 54411",,EAC Puring,Gombong,Puring,,-7.612876,109.5094831,SUCCESS
424,English Academy,Gorontalo - Nani Wartabone,"Samping BCA Finance, Jl. Nani Wartabone, Limba U I, Kota Sel., Kota, Limba U I, Kota Sel., Kota Selatan, Gorontalo 96115",,EAC Nani Wartabone,Gorontalo,Nani Wartabone,,0.5463783999999999,123.0619979,SUCCESS
425,English Academy,Gowa - Sungguminasa,"Ruko Yasmin Square, Jl. Tumanurung Raya, Kalegowa, Kec. Somba Opu, Kabupaten Gowa, Sulawesi Selatan 92111",,EAC Sungguminasa,Gowa,Sungguminasa,,-5.1983296,119.4466486,SUCCESS
426,English Academy,Gresik - Usman Sadar,"Jl. Usman Sadar No.147, Ngipik, Karangpoh, Kec. Gresik, Kabupaten Gresik, Jawa Timur 61116",,EAC Usman Sadar,Gresik,Usman Sadar,,-7.1551719,112.6501317,SUCCESS
427,English Academy,Indramayu - Sudirman,"Jl. Jend. Sudirman No.176 02, RW.11, Lemahmekar, Kec. Indramayu, Kabupaten Indramayu, Jawa Barat 45212",,EAC Sudirman,Indramayu,Sudirman,,-6.3380755,108.3370062,SUCCESS
428,English Academy,Jakarta Barat - Cengkareng,"Jl. Raya Kresek No.9A, RT.9/RW.13, Duri Kosambi, Cengkareng, West Jakarta City, Jakarta 11750",,EAC Cengkareng,Jakarta Barat,Cengkareng,,-6.179071,106.720102,SUCCESS
429,English Academy,Jakarta Barat - Citra Garden City,"Jl. Citra Garden City 6 No.11-12 Blok H RT.10/RW.511A, RT.10, RT.2/RW.5, Tegal, Alur, Kec. Kalideres, Kota Jakarta Barat, Daerah Khusus Ibukota Jakarta 11810",,EAC Citra Garden City,Jakarta Barat,Citra Garden City,,-6.1302393,106.7276047,SUCCESS
430,English Academy,Jakarta Barat - Kemanggisan,"Jl. Kemanggisan Raya No.42, RT.5/RW.9, Kemanggisan, Kec. Palmerah, Kota Jakarta Barat, Daerah Khusus Ibukota Jakarta 11480",,EAC Kemanggisan,Jakarta Barat,Kemanggisan,,-6.189714599999999,106.7860953,SUCCESS
431,English Academy,Jakarta Barat - Mall Taman Anggrek,"Mall Taman Anggrek Lt L3, Letjen S. Parman St.Kav 21, RT.12/RW.1, South Tanjung Duren, RT.12/RW.1, petamburan, Kec. Grogol petamburan, Kota Jakarta Barat, Daerah Khusus Ibukota Jakarta 11470",,EAC Mall Taman Anggrek,Jakarta Barat,Mall Taman Anggrek,,-6.1782936,106.7924023,SUCCESS
432,English Academy,Jakarta Barat - Puri Indah,"Jl. Pesanggrahan, RT.2/RW.6, Kembangan Sel., Kec. Kembangan, Kota Jakarta Barat, Daerah Khusus Ibukota Jakarta 11620",,EAC Puri Indah,Jakarta Barat,Puri Indah,,-6.1870368,106.7553851,SUCCESS
433,English Academy,Jakarta Pusat - Cempaka Putih,"Jl. Cempaka Putih Tengah II No.8, RT.11/RW.5, Cemp. Putih Tim., Kec. Cemp. Putih, Kota Jakarta Pusat, Daerah Khusus Ibukota Jakarta 10510",,EAC Cempaka Putih,Jakarta Pusat,Cempaka Putih,,-6.171544799999999,106.8669056,SUCCESS
434,English Academy,Jakarta Selatan - Fatmawati,"Jl. RS. Fatmawati Raya No.24 A, RT.1/RW.10, Cilandak Bar., Kec. Cilandak, Kota Jakarta Selatan, Daerah Khusus Ibukota Jakarta 12430",,EAC Fatmawati,Jakarta Selatan,Fatmawati,,-6.300867299999999,106.7923833,SUCCESS
435,English Academy,Jakarta Selatan - Jagakarsa,"Jl. Moh. Kahfi 1, RT.4/RW.2, Cipedak, Kec. Jagakarsa, Kota Jakarta Selatan, Daerah Khusus Ibukota Jakarta 12630",,EAC Jagakarsa,Jakarta Selatan,Jagakarsa,,-6.3604508,106.80104,SUCCESS
436,English Academy,Jakarta Selatan - Kebayoran Baru,"Jl. Kebayoran Baru No.4, RT.6/RW.2, Gunung, Kec. Kby. Baru, Kota Jakarta Selatan, Daerah Khusus Ibukota Jakarta 12120",,EAC Kebayoran Baru,Jakarta Selatan,Kebayoran Baru,,-6.2393544,106.7851643,SUCCESS
437,English Academy,Jakarta Selatan - Pejaten,"Jl. Warung Buncit Raya Kecamatan No.4B, RT.003/RW.5, Kalibata, Kec. Pancoran, Kota Jakarta Selatan, Daerah Khusus Ibukota Jakarta 12740",,EAC Pejaten,Jakarta Selatan,Pejaten,,-6.270195999999999,106.8314681,SUCCESS
438,English Academy,Jakarta Selatan - Petukangan,"Jl. Ciledug Raya No.5, RT.4/RW.3, Petukangan Sel, RT.4/RW.3, Kota, Kec. Pesanggrahan, Kota Jakarta Selatan, Daerah Khusus Ibukota Jakarta 12270",,EAC Petukangan,Jakarta Selatan,Petukangan,,-6.238184,106.748846,SUCCESS
439,English Academy,Jakarta Selatan - Tebet,"Jl. Tebet Raya No.43b, RT.2/RW.2, Tebet Tim., Kec. Tebet, Kota Jakarta Selatan, Daerah Khusus Ibukota Jakarta 12820",,EAC Tebet,Jakarta Selatan,Tebet,,-6.2288751,106.8540683,SUCCESS
440,English Academy,Jakarta Timur - Ciracas,"Komplek Ruko 64, Jl. Lap. Tembak Cibubur No.64, RT.3/RW.2, Cibubur, Kec. Ciracas, Kota Jakarta Timur, Daerah Khusus Ibukota Jakarta 13720",,EAC Ciracas,Jakarta Timur,Ciracas,,-6.2126204,106.9434084,SUCCESS
441,English Academy,Jakarta Timur - Condet,"Jl. Raya Condet No.225, RT.11/RW.3, Batu Ampar, Kec. Kramat jati, Kota Jakarta Timur, Daerah Khusus Ibukota Jakarta 13520",,EAC Condet,Jakarta Timur,Condet,,-6.2853987,106.8556745,SUCCESS
442,English Academy,Jakarta Timur - Duren Sawit,"Jl. Radin Inten II No.66a, RT.1/RW.7, Duren Sawit, Kec. Duren Sawit, Kota Jakarta Timur, Daerah Khusus Ibukota Jakarta 13440",,EAC Duren Sawit,Jakarta Timur,Duren Sawit,,-6.2465382,106.919428,SUCCESS
443,English Academy,Jakarta Timur - Pondok Gede,"Jl. Raya Pd. Gede No.30, RT.4/RW.8, Lubang Buaya, Kec. Cipayung, Kota Jakarta Timur, Daerah Khusus Ibukota Jakarta 13810",,EAC Pondok Gede,Jakarta Timur,Pondok Gede,,-6.2862892,106.8989817,SUCCESS
444,English Academy,Jakarta Timur - Rawamangun,"Jl. Paus No 10 Lantai 3, RT.1/RW.7, Rawamangun, RT.1/RW.7, Kota, Kec. Pulo Gadung, Kota Jakarta Timur, Daerah Khusus Ibukota Jakarta 13220",,EAC Rawamangun,Jakarta Timur,Rawamangun,,-6.1948925,106.890658,SUCCESS
445,English Academy,Jakarta Utara - Kelapa Gading,"Jl. Boulevard Artha Gading No.11 Blok B, RT.18/RW.8, West Kelapa Gading, Kelapa Gading, North Jakarta City, Jakarta 14240",,EAC Kelapa Gading,Jakarta Utara,Kelapa Gading,,-6.1460062,106.8932903,SUCCESS
446,English Academy,Jakarta Utara - PIK,"Ruko Eksekutif, Bukit Golf Mediterania Jl. Marina Raya No.7, RT.7/RW.2, Kamal Muara, Kecamatan Penjaringan, Jkt Utara, Daerah Khusus Ibukota Jakarta 14470",,EAC PIK,Jakarta Utara,PIK,,-6.1115812,106.7424621,SUCCESS
447,English Academy,Jakarta Utara - Pluit,"Komplek, Jl. Komp. Puri Deltamas Jl. Bandengan Sel.43 Blok J. 6, RT.2/RW.1, North, Kecamatan Penjaringan, Jkt Utara, Daerah Khusus Ibukota Jakarta 14450",,EAC Pluit,Jakarta Utara,Pluit,,-6.1370651,106.7986196,SUCCESS
448,English Academy,Jakarta Utara - Sunter,"Jl. Danau Sunter Utara.9C Blok D-1 No, RT.5/RW.18, Sunter Agung, Kec. Tj. Priok, Jkt Utara, RT.5/RW.18, Sunter Agung, Kec. Tj. Priok, Sunter, Daerah Khusus Ibukota Jakarta 14350",,EAC Sunter,Jakarta Utara,Sunter,,-6.1383757,106.8651277,SUCCESS
449,English Academy,Jambi - Bungo,"Jl. Diponegoro, Pasir Putih, Kec. Rimbo Tengah, Kabupaten Bungo, Jambi 37215",,EAC Bungo,Jambi,Bungo,,-1.5033901,102.1186462,SUCCESS
450,English Academy,Jambi - Thehok,"Jl. Jend. Sudirman No.27, RW.28, Tambak Sari, Kec. Jambi Sel., Kota Jambi, Jambi 36122",,EAC Thehok,Jambi,Thehok,,-1.6157869,103.6277218,SUCCESS
451,English Academy,Jayapura - Padang Bulan,"Jl. Raya Abepura - Sentani, Padang Bulan, Heram, Berhadapan dengan Supermarket Holamart Padang Bulan, Hedam, Kec. Abepura, Kota Jayapura, Papua 99351",,EAC Padang Bulan,Jayapura,Padang Bulan,,-2.6074393,140.6472935,SUCCESS
452,English Academy,Jember - Sumbersari,"Jl. Sumatra Ruko No.75 D, Tegal Boto Lor, Sumbersari, Kec. Sumbersari, Kabupaten Jember, Jawa Timur 68121",,EAC Sumbersari,Jember,Sumbersari,,-8.1725909,113.7085804,SUCCESS
453,English Academy,Jepara - Pemuda,"Jl. Pemuda No.66, Panggang V, Panggang, Kec. Jepara, Kabupaten Jepara, Jawa Tengah 59412",,EAC Pemuda,Jepara,Pemuda,,-6.596495099999999,110.6721153,SUCCESS
454,English Academy,Karanganyar - Tegalgede,"Jalan Citarum No 1. Donomulyo, RT.01/RW.04, Manggeh, Tegalgede, Kec. Karanganyar, Kabupaten Karanganyar, Jawa Tengah 57714",,EAC Tegalgede,Karanganyar,Tegalgede,,-7.6005603,110.9598421,SUCCESS
455,English Academy,Karawang - Resinda Park Mall,"Resinda Park Mall, Jl. Resinda Raya No.2 Lt basement, Purwadana, Kec. Karawang Bar., Karawang, Jawa Barat 41361",,EAC Resinda Park Mall,Karawang,Resinda Park Mall,,-6.3013568,107.2780537,SUCCESS
456,English Academy,Kediri - Hasanudin,"Ruko Hasanudin Business Center Blok E No.21, Dandangan, Kec. Kota, Kota Kediri, Jawa Timur 64129",,EAC Hasanudin,Kediri,Hasanudin,,-7.812211,112.0185812,SUCCESS
457,English Academy,Kendari - Abdullah Silondae,"Jl. Drs. H. Abdullah Silondae, Korumba, Kec. Mandonga, Kota Kendari, Sulawesi Tenggara 93111",,EAC Abdullah Silondae,Kendari,Abdullah Silondae,,-3.9676642,122.5172832,SUCCESS
458,English Academy,Ketapang - R. Suprapto,"Jl. R. Suprapto, RT.024/RW.08, Tengah, Kec. Delta Pawan, Kabupaten Ketapang, Kalimantan Barat 78813",,EAC R. Suprapto,Ketapang,R. Suprapto,,-1.8427601,109.9688669,SUCCESS
459,English Academy,Kisaran - Dr. Wahidin,"Jl. Dr. Wahidin No.67, Tegal Sari, Kisaran Kota, Kec. Kota Kisaran Barat, Kabupaten Asahan, Sumatera Utara 21211",,EAC Dr. Wahidin,Kisaran,Dr. Wahidin,,2.9826958,99.6218651,SUCCESS
460,English Academy,Klaten - Merbabu,"Jl. Merbabu No.2, Pondok, Klaten, Kec. Klaten Tengah, Kabupaten Klaten, Jawa Tengah 57411",,EAC Merbabu,Klaten,Merbabu,,-7.706515,110.597301,SUCCESS
461,English Academy,Kolaka - Pramuka,"Jl. Pramuka, Lamokato, Kec. Kolaka, Kabupaten Kolaka, Sulawesi Tenggara 93511",,EAC Pramuka,Kolaka,Pramuka,,-4.0566877,121.598839,SUCCESS
462,English Academy,Kudus - Dersalam,"Jl. Jend. Sudirman No.470, Salam Kidul, Dersalam, Kec. Bae, Kabupaten Kudus, Jawa Tengah 59321",,EAC Dersalam,Kudus,Dersalam,,-6.8040314,110.8673675,SUCCESS
463,English Academy,Kupang - Frans Seda,"Jl. Frans Seda No.16, Fatululi, Kec. Oebobo, Kota Kupang, Nusa Tenggara Tim. 85111",,EAC Frans Seda,Kupang,Frans Seda,,-10.1674067,123.6091319,SUCCESS
464,English Academy,Langkat - Stabat,"Jl. Proklamasi, Kwala Bingai, Kec. Stabat, Kabupaten Langkat, Sumatera Utara 20811",,EAC Stabat,Langkat,Stabat,,3.7329384,98.4340269,SUCCESS
465,English Academy,Madiun - Sutomo,"Jl. Dr. Sutomo No.9, Madiun Lor, Kec. Manguharjo, Kota Madiun, Jawa Timur 63122",,EAC Sutomo,Madiun,Sutomo,,-7.6202388,111.5245248,SUCCESS
466,English Academy,Magelang - Diponegoro,"Jl. Pangeran Diponegoro No.54, Cacaban, Kec. Magelang Tengah, Kota Magelang, Jawa Tengah 56121",,EAC Diponegoro,Magelang,Diponegoro,,-7.481417899999999,110.2141775,SUCCESS
467,English Academy,Magelang - Muntilan,"Kompleks Ruko Munsen, Jl. Tambakan No.10 Blok B9, Karangwatu, Sedayu, Kec. Muntilan, Kabupaten Magelang, Jawa Tengah 56413",,EAC Muntilan,Magelang,Muntilan,,-7.580210099999999,110.2853946,SUCCESS
468,English Academy,Makassar - Baruga,"Jl. Bukit Baruga Raya, Antang, Kec. Manggala, Kota Makassar, Sulawesi Selatan 90234",,EAC Baruga,Makassar,Baruga,,-5.1561095,119.4887087,SUCCESS
469,English Academy,Makassar - Cendrawasih,"Jl. Opu Daeng Risadju No.12, Kunjung Mae, Kec. Mariso, Kota Makassar, Sulawesi Selatan 98255",,EAC Cendrawasih,Makassar,Cendrawasih,,-5.149188,119.4128771,SUCCESS
470,English Academy,Makassar - Hertasning,"Jl. Letjen Hertasning No.88D, Tidung, Kec. Rappocini, Kota Makassar, Sulawesi Selatan 90222",,EAC Hertasning,Makassar,Hertasning,,-5.163132399999999,119.4440945,SUCCESS
471,English Academy,Makassar - Sudiang,"Jalan Perintis Kemerdekaan No.11, Ruko No.237, Pai, Kec. Biringkanaya, Kota Makassar, Sulawesi Selatan 90552",,EAC Sudiang,Makassar,Sudiang,,-5.1036492,119.510436,SUCCESS
472,English Academy,Malang - Dieng,"Jl. Dieng No.3, Bareng, Kec. Klojen, Kota Malang, Jawa Timur 65115",,EAC Dieng,Malang,Dieng,,-7.973722,112.6152583,SUCCESS
473,English Academy,Malang - Klojen,"Jl. Bandung No.14, Penanggungan, Kec. Klojen, Kota Malang, Jawa Timur 65111",,EAC Klojen,Malang,Klojen,,-7.9615556,112.6242493,SUCCESS
474,English Academy,Mamuju - Sultan Hasanuddin,"Samping ATM BNI, Jl. Sultan Hasanuddin, Binanga, Kec. Mamuju, Kabupaten Mamuju, Sulawesi Barat 91552",,EAC Sultan Hasanuddin,Mamuju,Sultan Hasanuddin,,-2.675473,118.8939217,SUCCESS
475,English Academy,Manado - Wenang Selatan,"Jl. Sam Ratulangi No.88, Wenang Sel., Kec. Wenang, Kota Manado, Sulawesi Utara 95115",,EAC Wenang Selatan,Manado,Wenang Selatan,,1.481366,124.8365651,SUCCESS
476,English Academy,Mataram - Pendidikan,"Jl. Pendidikan No.60, Dasan Agung Baru, Kec. Selaparang, Kota Mataram, Nusa Tenggara Bar. 83126",,EAC Pendidikan,Mataram,Pendidikan,,-8.5804508,116.0900421,SUCCESS
477,English Academy,Medan - Iskandar Muda,"Jl. Iskandar Muda No.25-26l, Darat, Kec. Medan Baru, Kota Medan, Sumatera, Utara 20154, Darat, Kec. Medan Baru, Kota Medan, Sumatera Utara 20154",,EAC Iskandar Muda,Medan,Iskandar Muda,,3.5753361,98.6606303,SUCCESS
478,English Academy,Medan - Johor,"Jl. J City.RT.00, Ruko No.D 37, Pangkalan Masyhur, Kec. Medan Johor, Kota Medan, Sumatera Utara 20146",,EAC Johor,Medan,Johor,,3.5365359,98.6593696,SUCCESS
479,English Academy,Metro - Sudirman,"Jl. Jendral Sudirman, Imopuro, Kec. Metro Pusat, Kota Metro, Lampung 34111",,EAC Sudirman,Metro,Sudirman,,-5.1141878,105.3024376,SUCCESS
480,English Academy,Muara Enim - Sudirman,"Jl. Jenderal Sudirman No.72, RT.02/RW.02, Ps. III Muara Enim, Kec. Muara Enim, Kabupaten Muara Enim, Sumatera Selatan 31313",,EAC Sudirman,Muara Enim,Sudirman,,-3.656385,103.7732639,SUCCESS
481,English Academy,Padang - S. Parman,"Jl. S. Parman No.145, Ulak Karang Sel., Kec. Padang Utara, Kota Padang, Sumatera Barat 25134",,EAC S. Parman,Padang,S. Parman,,-0.9154164,100.3499964,SUCCESS
482,English Academy,Padang - Tarandam,"Jl. Proklamasi No.48, Sawahan, Kec. Padang Tim., Kota Padang, Sumatera Barat 25133",,EAC Tarandam,Padang,Tarandam,,-0.9510149,100.3645969,SUCCESS
483,English Academy,Painan - Pagaruyung,"Jl. Pagaruyung I Pagaruyung, Jl. Rawang, Painan, Kec. Iv Jurai, Kabupaten Pesisir Selatan, Sumatera Barat 25651",,EAC Pagaruyung,Painan,Pagaruyung,,-1.3438939,100.5839963,SUCCESS
484,English Academy,Palangkaraya - Ahmad Yani,"Jl. Ahmad Yani No.9B, RT/RW:001/003, Langkai, Kec. Pahandut, Kota Palangka Raya, Kalimantan Tengah 73111",,EAC Ahmad Yani,Palangkaraya,Ahmad Yani,,-2.2077423,113.9222694,SUCCESS
485,English Academy,Palembang - Kenten,"Jl. MP. Mangkunegara K No.432, Bukit Sangkal, Kec. Kalidoni, Kota Palembang, Sumatera Selatan 30114",,EAC Kenten,Palembang,Kenten,,-2.9417827,104.7672437,SUCCESS
486,English Academy,Palembang - Rajawali,"Jl. Rajawali No.1174D, 9 Ilir, Kec. Ilir Tim. II, Kota Palembang, Sumatera Selatan 30126",,EAC Rajawali,Palembang,Rajawali,,-2.9722008,104.7643336,SUCCESS
487,English Academy,Palopo - Andi Kambo,"Jl. Andi Kambo, Surutanga, Kec. Wara Tim., Kota Palopo, Sulawesi Selatan 91921",,EAC Andi Kambo,Palopo,Andi Kambo,,-3.0031699,120.2008638,SUCCESS
488,English Academy,Palu - Jenderal Sudirman,"North Lolu, Palu Selatan, Palu City, Central Sulawesi 94111",,EAC Jenderal Sudirman,Palu,Jenderal Sudirman,,-0.8982256000000001,119.8771813,SUCCESS
489,English Academy,Pangkal Pinang - Depati Hamza,"Jl. Depati Hamzah No.3, Semabung Lama, Kec. Bukitintan, Kota Pangkal Pinang, Kepulauan Bangka Belitung 33174",,EAC Depati Hamza,Pangkal Pinang,Depati Hamza,,-2.1349167,106.122285,SUCCESS
490,English Academy,Pangkalan Bun - Pakunegara,"Jl. Pakunegara No.1, Raja, Kec. Arut Sel., Kabupaten Kotawaringin Barat, Kalimantan Tengah 74112",,EAC Pakunegara,Pangkalan Bun,Pakunegara,,-2.6751393,111.6380031,SUCCESS
491,English Academy,Pangkalan Kerinci - Maharaja Indra,"Jl. Maharaja Indra, RT.1/RW.1, Pangkalan Kerinci Kota, Kec. Pangkalan Kerinci, Kabupaten Pelalawan, Riau 28664",,EAC Maharaja Indra,Pangkalan Kerinci,Maharaja Indra,,0.393332,101.8577431,SUCCESS
492,English Academy,Pangkep - Sultan Hasanuddin,"Jl. Hasanuddin, Palampang, Kec. Pangkajene, Kabupaten Pangkajene Dan Kepulauan, Sulawesi Selatan 90614",,EAC Sultan Hasanuddin,Pangkep,Sultan Hasanuddin,,-4.8287205,119.5456161,SUCCESS
493,English Academy,Parepare - Mattirotasi,"Jl. Mattiro Tasi, Tiro Sompe, Kec. Bacukiki Bar., Kota Parepare, Sulawesi Selatan 91121",,EAC Mattirotasi,Parepare,Mattirotasi,,-4.0256749,119.6241838,SUCCESS
494,English Academy,Pati - Jend. Sudirman,"Jl. Jenderal Sudirman No.90, Pati Kidul, Kec. Pati, Kabupaten Pati, Jawa Tengah 59114",,EAC Jend. Sudirman,Pati,Jend. Sudirman,,-6.7521312,111.0342451,SUCCESS
495,English Academy,Payakumbuh - Simpang Benteng,"Jl. Ade Irma Suryani, Labuh Baru, Kec. Payakumbuh Utara, Kota Payakumbuh, Sumatera Barat 26213",,EAC Simpang Benteng,Payakumbuh,Simpang Benteng,,-0.223137,100.638544,SUCCESS
496,English Academy,Pekalongan - Diponegoro,"Jl. Diponegoro No.43, RT.001/RW.3, Dukuh, Kec. Pekalongan Utara, Kota Pekalongan, Jawa Tengah 51146",,EAC Diponegoro,Pekalongan,Diponegoro,,-6.8841113,109.6704001,SUCCESS
497,English Academy,Pekanbaru - Ahmad Yani,"Jl. Jend. Ahmad Yani No.109, Kota Baru, Pekanbaru Kota, Kota Pekanbaru, Riau 28114",,EAC Ahmad Yani,Pekanbaru,Ahmad Yani,,0.5252901999999999,101.4425373,SUCCESS
498,English Academy,Pekanbaru - Panam,"Jl. H.R Soebrantas KM 10.5 No. 2, RT.4/RW.12, Kel. Tobekgodang, Kec. Tampan, Kota Pekanbaru, Riau 28294",,EAC Panam,Pekanbaru,Panam,,0.4642152,101.3887125,SUCCESS
499,English Academy,Pematangsiantar - Sutomo,"Jl. Sutomo No.8, Pahlawan, Kec. Siantar Tim., Kota Pematang Siantar, Sumatera Utara 21132",,EAC Sutomo,Pematangsiantar,Sutomo,,2.9550633,99.06222299999999,SUCCESS
500,English Academy,Pinrang - Jend. Sudirman,"Jl. Jenderal Sudirman, Jaya, Kec. Watang Sawitto, Kabupaten Pinrang, Sulawesi Selatan 91212",,EAC Jend. Sudirman,Pinrang,Jend. Sudirman,,-3.795875,119.6517936,SUCCESS
501,English Academy,Polewali Mandar - Andi Depu,"Jl. H. Andi Depu, Takatidung, Kec. Polewali, Kabupaten Polewali Mandar, Sulawesi Barat 91311",,EAC Andi Depu,Polewali Mandar,Andi Depu,,-3.4210094,119.3253104,SUCCESS
502,English Academy,Pontianak - Ayani Megamal,"Komplek Ayani Megamal, Jl. Jenderal Ahmad Yani No. B5, Parit Tokaya, Kec. Pontianak Tenggara, Kota Pontianak, Kalimantan Barat 78117",,EAC Ayani Megamal,Pontianak,Ayani Megamal,,-0.051244,109.345662,SUCCESS
503,English Academy,Pontianak - Wahid Hasyim,"English Academy Wahid Hasyim, Jl. Khw. Hasyim No.122, Tengah, Kec. Pontianak Kota, Kota Pontianak, Kalimantan Barat 78111",,EAC Wahid Hasyim,Pontianak,Wahid Hasyim,,-0.0204102,109.3262139,SUCCESS
504,English Academy,Prabumulih - Padat Karya,"Jl. Padat Karya No.7 D-E, Muara Dua, Kec. Prabumulih Tim., Kota Prabumulih, Sumatera Selatan 31113",,EAC Padat Karya,Prabumulih,Padat Karya,,-3.4175848,104.259284,SUCCESS
505,English Academy,Praya - Jenderal Sudirman,"Jalan Jendral Sudirman CE-C4, Kelurahan Prapern, Kec. Praya, Kabupaten Lombok Tengah, Nusa Tenggara Bar. 83519",,EAC Jenderal Sudirman,Praya,Jenderal Sudirman,,-8.738425,116.262944,SUCCESS
506,English Academy,Pringsewu - Ahmad Yani,"Jl. Ahmad Yani No.31, Pringsewu Utara, Kec. Pringsewu, Kabupaten Pringsewu, Lampung 35373",,EAC Ahmad Yani,Pringsewu,Ahmad Yani,,-5.3561592,104.9781193,SUCCESS
507,English Academy,Probolinggo - Slamet Riyadi,"Jl. Slamet Riyadi No.3, Kanigaran, Kec. Kanigaran, Kota Probolinggo, Jawa Timur 67213",,EAC Slamet Riyadi,Probolinggo,Slamet Riyadi,,-7.7681817,113.2125537,SUCCESS
508,English Academy,Purwakarta - Suradireja,"Jl. Suradireja No.22-28, RT.50/RW.06, Nagri Kaler, Kec. Purwakarta, Kabupaten Purwakarta, Jawa Barat 41115",,EAC Suradireja,Purwakarta,Suradireja,,-6.5452287,107.4457679,SUCCESS
509,English Academy,Purwokerto - Kombas,"Jl. Jendral Suprapto, Cigrobak, Purwokerto Lor, Kec. Purwokerto Tim., Kabupaten Banyumas, Jawa Tengah 53114",,EAC Kombas,Purwokerto,Kombas,,-7.4236899,109.2439029,SUCCESS
510,English Academy,Purworejo - Tentara Pelajar,"Jl. Tentara Pelajar No.7, Sibung, Pangenjurutengah, Kec. Purworejo, Kabupaten Purworejo, Jawa Tengah 54114",,EAC Tentara Pelajar,Purworejo,Tentara Pelajar,,-7.720770300000001,109.9938411,SUCCESS
511,English Academy,Raha - Gatot Subroto,"Jl. Gatot Subroto No.41, Kebun Bunga, Kec. Banjarmasin Tim., Kota Banjarmasin, Kalimantan Selatan 70235",,EAC Gatot Subroto,Raha,Gatot Subroto,,-3.329498,114.6164285,SUCCESS
512,English Academy,Sabang - Teuku Umar,"Jl. Teuku Umar, Kuta Barat, Sukakarya, Kota Sabang, Aceh 23512",,EAC Teuku Umar,Sabang,Teuku Umar,,5.8918838,95.3189667,SUCCESS
513,English Academy,Salatiga - Moh. Yamin,"Jl. Moh. Yamin No.7, Salatiga, Kec. Sidorejo, Kota Salatiga, Jawa Tengah 50711",,EAC Moh. Yamin,Salatiga,Moh. Yamin,,-7.325446899999998,110.5029146,SUCCESS
514,English Academy,Samarinda - Pahlawan,"Ruko Permata Kaltim, Jl. Pahlawan No.5, Dadi Mulya, Kec. Samarinda Ulu, Kota Samarinda, Kalimantan Timur 75117, Dadi Mulya, Kec. Samarinda Ulu, Kota Samarinda, Kalimantan Timur 75242",,EAC Pahlawan,Samarinda,Pahlawan,,-0.4829495,117.1486147,SUCCESS
515,English Academy,Selong - Ahmad Dahlan,"Jl. KH Ahmad Dahlan No.32, Pancor, Kec. Selong, Kabupaten Lombok Timur, Nusa Tenggara Bar. 83611",,EAC Ahmad Dahlan,Selong,Ahmad Dahlan,,-8.6476769,116.5218168,SUCCESS
516,English Academy,Semarang - Banyumanik,"Ruko Taman Setiabudi, Jl. Sukun Raya Depan Gerbang Perumahan Setiabudi No.11, RW.No.10, Srondol Wetan, Kec. Banyumanik, Kota Semarang, Jawa Tengah 50264",,EAC Banyumanik,Semarang,Banyumanik,,-7.066114499999999,110.4186358,SUCCESS
517,English Academy,Semarang - Majapahit,"Jl. Kedungmundu No.18, Kedungmundu, Kec. Tembalang, Kota Semarang, Jawa Tengah 50272",,EAC Majapahit,Semarang,Majapahit,,-7.0239438,110.4597914,SUCCESS
518,English Academy,Semarang - Pandanaran,"Jl. Pandanaran No.99a, Mugassari, Kec. Semarang Sel., Kota Semarang, Jawa Tengah 50249",,EAC Pandanaran,Semarang,Pandanaran,,-6.987409899999999,110.416276,SUCCESS
519,English Academy,Semarang - Ungaran,"VC83+M7W, Jl. Yos Sudarso, Sembungan, Ungaran, Kec. Ungaran Bar., Kabupaten Semarang, Jawa Tengah 50511",,EAC Ungaran,Semarang,Ungaran,,-7.1330233,110.4021469,SUCCESS
520,English Academy,Serang - Ahmad Yani,"Jl. Jenderal Ahmad Yani Serang No.165, Sumurpecung, Kec. Serang, Sumurpecung, Kota, Kota Serang, Banten 42117",,EAC Ahmad Yani,Serang,Ahmad Yani,,-6.120226199999999,106.1704301,SUCCESS
521,English Academy,Sidoarjo - Pondok Mutiara,"Ruko Pondok Mutiara Indah, Jl. Pahlawan Blok N-03, Jati, Lemahputro, Kec. Sidoarjo, Kabupaten Sidoarjo, Jawa Timur 61213",,EAC Pondok Mutiara,Sidoarjo,Pondok Mutiara,,-7.4484517,112.7022832,SUCCESS
522,English Academy,Sidoarjo - Trunojoyo,"Jl. Trunojoyo No.7, Sidoklumpuk, Sidokumpul, Kec. Sidoarjo, Kabupaten Sidoarjo, Jawa Timur 61218",,EAC Trunojoyo,Sidoarjo,Trunojoyo,,-7.4476596,112.7224982,SUCCESS
523,English Academy,Singaraja - Ahmad Yani,"Jl. A. Yani No.17, Kp. Anyar, Singaraja, Kabupaten Buleleng, Bali 81114",,EAC Ahmad Yani,Singaraja,Ahmad Yani,,-8.1098407,115.0892611,SUCCESS
524,English Academy,Sleman - Medari,"Jl. Nasional 14, Temulawak, Triharjo, Kec. Sleman, Kabupaten Sleman, Daerah, Istimewa Yogyakarta, Temulawak, Triharjo, Kec. Sleman, Kabupaten Sleman, Daerah Istimewa Yogyakarta 55515",,EAC Medari,Sleman,Medari,,-7.6895733,110.3428032,SUCCESS
525,English Academy,Solo - Adi Sucipto,"Jl. Adi Sucipto No.120, Jajar, Kec. Laweyan, Kota Surakarta, Jawa Tengah 57144",,EAC Adi Sucipto,Solo,Adi Sucipto,,-7.5503719,110.7896553,SUCCESS
526,English Academy,Solo - Gajahmada,"Jl. Gajahmada No.123B, Punggawan, Kec. Banjarsari, Kota Surakarta, Jawa Tengah 57132",,EAC Gajahmada,Solo,Gajahmada,,-7.560285899999999,110.8193041,SUCCESS
527,English Academy,Solo - Solo Baru,"Jl Ir Soekarno , Dusun 1, & A04 Ruko No : GR-A03, Dusun I, Madegondo, Kec. Grogol, Kabupaten Sukoharjo, Jawa Tengah 57522",,EAC Solo Baru,Solo,Solo Baru,,-7.6003476,110.8141009,SUCCESS
528,English Academy,Soppeng - Lalabata,"Jl. Kemakmuran No.173, Lemba, Kec. Lalabata, Kabupaten Soppeng, Sulawesi Selatan 90811",,EAC Lalabata,Soppeng,Lalabata,,-4.353907299999999,119.8876093,SUCCESS
529,English Academy,Sorong - Pramuka,"Jl. Pramuka, Remu Utara, Distrik Sorong, Kota Sorong, Papua Barat 98416",,EAC Pramuka,Sorong,Pramuka,,-0.8803605,131.2871201,SUCCESS
530,English Academy,Sragen - Sukowati,"Jl. Sukowati No.346, RT.002/RW005/RW.Mageru, Magero, Sragen Tengah, Kec. Sragen, Kabupaten Sragen, Jawa Tengah 57211",,EAC Sukowati,Sragen,Sukowati,,-7.4303336,111.0272998,SUCCESS
531,English Academy,Sukabumi - Sudirman,"Ruko.2, Jl. Sudirman No.75, Gunungparang, Kec. Cikole, Kota Sukabumi, Jawa Barat 43111",,EAC Sudirman,Sukabumi,Sudirman,,-6.9207287,106.9224955,SUCCESS
532,English Academy,Sukoharjo - Veteran,"Jl. Veteran Barat, Kutorejo, Jetis, Kec. Sukoharjo, Kabupaten Sukoharjo, Jawa Tengah 57511",,EAC Veteran,Sukoharjo,Veteran,,-7.6819419,110.8251372,SUCCESS
533,English Academy,Sumedang - Prabu Geusan Ulun,"Jl. Prabu Geusan Ulun No.111, Kotakulon, Kec. Sumedang Sel., Kabupaten Sumedang, Jawa Barat 45311",,EAC Prabu Geusan Ulun,Sumedang,Prabu Geusan Ulun,,-6.852543799999999,107.9225148,SUCCESS
534,English Academy,Surabaya - Jemursari,"Jl. Raya Jemursari No.15, Jemur Wonosari, Kec. Wonocolo, Surabaya, Jawa Timur 60239",,EAC Jemursari,Surabaya,Jemursari,,-7.325154599999999,112.737535,SUCCESS
535,English Academy,Surabaya - Kusuma Bangsa,"Jl. Kusuma Bangsa No.74, Ketabang, Kec. Genteng, Surabaya, Jawa Timur 60272",,EAC Kusuma Bangsa,Surabaya,Kusuma Bangsa,,-7.256808100000001,112.7508372,SUCCESS
536,English Academy,Surabaya - MERR,"Jl. Dr. Ir. H. Soekarno No.392, Kedung Baruk, Kec. Rungkut, Surabaya, Jawa Timur 60298",,EAC MERR,Surabaya,MERR,,-7.319906699999999,112.7807509,SUCCESS
537,English Academy,Surabaya - Wiyung,"Ruko Taman Pd. Indah, A 13, Wiyung, Kec. Wiyung, Surabaya, Jawa Timur 60228",,EAC Wiyung,Surabaya,Wiyung,,-7.3140059,112.698555,SUCCESS
538,English Academy,Tabanan - Ir. Soekarno,"Jl. Dr. Ir. Soekarno No.100X, Gubug, Kec. Tabanan, Kabupaten Tabanan, Bali 82115",,EAC Ir. Soekarno,Tabanan,Ir. Soekarno,,-8.541323799999999,115.1126743,SUCCESS
539,English Academy,Tana Toraja - Makale,"Jl. Tritura, Kamali Pentalluan, Kec. Makale, Kabupaten Tana Toraja, Sulawesi Selatan 91811",,EAC Makale,Tana Toraja,Makale,,-3.0892048,119.8483477,SUCCESS
540,English Academy,Tangerang - Citra Raya,"Ruko green sevila Blok V.01 Nomor 255-257, Kabupaten, Kec. Panongan, Kabupaten Tangerang, Banten 15711",,EAC Citra Raya,Tangerang,Citra Raya,,-6.320635299999999,106.4205891,SUCCESS
541,English Academy,Tangerang - Citymall,"Ruko Business Park Tangcity Blok A No 16, RT.005/RW.005, Babakan, Kec. Tangerang, Kota Tangerang, Banten 15118",,EAC Citymall,Tangerang,Citymall,,-6.1942792,106.6350698,SUCCESS
542,English Academy,Tangerang - Gading Serpong,"Ruko Paramount 7CS Blok DF1, Jl. Boulevard Raya Gading Serpong No.12 & 15, Curug Sangereng, Kecamatan Kelapa Dua, Kabupaten Tangerang, Banten 15810",,EAC Gading Serpong,Tangerang,Gading Serpong,,-6.2428111,106.6238878,SUCCESS
543,English Academy,Tangerang - Karawaci,"Jl. Karet Raya No.28 A-B, RT.01/RW.011, Cibodasari, Kec. Cibodas, Kota Tangerang, Banten 15138",,EAC Karawaci,Tangerang,Karawaci,,-6.210054299999999,106.6113358,SUCCESS
544,English Academy,Tangerang Selatan - Bintaro,"Ruko Graha Marcella no. 1, Jl. Bintaro Utama 3A No.Kelurahan Sektor 3A, Pondok, Karya, Kec. Pd. Aren, Kota Tangerang Selatan, Banten 15225",,EAC Bintaro,Tangerang Selatan,Bintaro,,-6.2732765,106.7433324,SUCCESS
545,English Academy,Tangerang Selatan - BSD Golden Boulevard,"BSD City, Kompleks Golden Boulevard, Jl. Pahlawan Seribu Blok B No.7 Lengkong Karya, Utama, Kec. Serpong, Kota Tangerang Selatan, Banten 15310",,EAC BSD Golden Boulevard,Tangerang Selatan,BSD Golden Boulevard,,-6.2773094,106.6614608,SUCCESS
546,English Academy,Tangerang Selatan - Golden Madrid,"Komplek, Ruko Golden Madrid, Jl. Letnan Sutopo No.A-06, Rw. Buntu, Kec. Serpong, Kota Tangerang Selatan, Banten 15310",,EAC Golden Madrid,Tangerang Selatan,Golden Madrid,,-6.3037908,106.6856888,SUCCESS
547,English Academy,Tangerang Selatan - Graha Raya,"Graha Raya Bintaro Jaya, Jl. Boulevard Graha Raya Cluster Bougenville No.19 blok N1, loka, Kec. Serpong Utara, Kota Tangerang Selatan, Banten 15326",,EAC Graha Raya,Tangerang Selatan,Graha Raya,,-6.2213954,106.6938421,SUCCESS
548,English Academy,Tangerang Selatan - Pamulang,"Ruko Plaza Angkasa, Jl. Dr. Setiabudi, RT.⁠RT/RW/RW.01/04, Pamulang Bar., Kec. Pamulang, Kota Tangerang Selatan, Banten 15417",,EAC Pamulang,Tangerang Selatan,Pamulang,,-6.3487819,106.7372331,SUCCESS
549,English Academy,Tangerang Selatan - The Icon,"Ruko The Icon, Jl. Raya Cisauk Lapan Blk H3a, Sampora, Kec. Cisauk, Kabupaten Tangerang, Banten 15345",,EAC The Icon,Tangerang Selatan,The Icon,,-6.3169887,106.6500806,SUCCESS
550,English Academy,Tanjung Pinang - Engku Putri,"Bestari, Jl. Engku Putri No.3-A, Tj. Ayun Sakti, Kec. Bukit Bestari, Kota Tanjung Pinang, Kepulauan Riau 29122",,EAC Engku Putri,Tanjung Pinang,Engku Putri,,0.9076397,104.4587249,SUCCESS
551,English Academy,Tarakan - Jendral Sudirman,"Jl. Jend. Sudirman, Pamusian, Kec. Tarakan Tengah, Kota Tarakan, Kalimantan Utara 77113",,EAC Jendral Sudirman,Tarakan,Jendral Sudirman,,3.3107102,117.5957403,SUCCESS
552,English Academy,Tasikmalaya - Tentara Pelajar,"Jl. Tentara Pelajar No.129, Empangsari, Kec. Tawang, Kab. Tasikmalaya, Jawa Barat 46113",,EAC Tentara Pelajar,Tasikmalaya,Tentara Pelajar,,-7.3290694,108.2229819,SUCCESS
553,English Academy,Tebing Tinggi - Sudirman,"Jl. Jend. Sudirman No.A 25 A, RW.26, Sri Padang, Kec. Rambutan, Kota Tebing Tinggi, Sumatera Utara 20998",,EAC Sudirman,Tebing Tinggi,Sudirman,,3.3358546,99.1637793,SUCCESS
554,English Academy,Tegal - Cokroaminoto,"Jl. Arjuna, Ruko Jl. Palm Town House No.18, Slerok, Kec. Tegal Tim., Kota Tegal, Jawa Tengah 52125",,EAC Cokroaminoto,Tegal,Cokroaminoto,,-6.8727734,109.1455978,SUCCESS
555,English Academy,Temanggung - Tentara Pelajar,"Jl. Tentara Pelajar No.2A, Kemantren, Temanggung I, Kec. Temanggung, Kabupaten Temanggung, Jawa Tengah 56212",,EAC Tentara Pelajar,Temanggung,Tentara Pelajar,,-7.3152751,110.1791162,SUCCESS
556,English Academy,Ternate - Takoma,"Utara 97714, Jl. Kapitan Pattimura No.13, Kalumpang, Kec. Ternate Tengah, Kota Ternate, Maluku Utara 97722",,EAC Takoma,Ternate,Takoma,,0.7880667,127.385157,SUCCESS
557,English Academy,Toli Toli - KH. Wahid Hasyim,"Jl. K.H.Wahid Hasyim, Baru, Kec. Baolan, Kabupaten Toli-Toli, Sulawesi Tengah 94514",,EAC KH. Wahid Hasyim,Toli Toli,KH. Wahid Hasyim,,1.0315529,120.8141843,SUCCESS
558,English Academy,Tomohon - Matani,"Jl. Raya Tomohon, Matani Tiga, Kec. Tomohon Tengah, Kota Tomohon, Sulawesi Utara 95443",,EAC Matani,Tomohon,Matani,,1.3174897,124.8380735,SUCCESS
559,English Academy,Toraja Utara - Poros Bolu,"samping SPBU bolu, Jl. Poros Bolu - Rantepao, Rante PakuTallunglipu, Kec. Rantepao, Kabupaten Toraja Utara, Sulawesi Selatan 91833",,EAC Poros Bolu,Toraja Utara,Poros Bolu,,-2.9603439,119.9150161,SUCCESS
560,English Academy,Trenggalek - Menak Sopal,"Ruko graha, Jl. Sukarno Hatta, Dobangsan, Ngantru, Kec. Trenggalek, Kabupaten Trenggalek, Dobangsan, Ngantru, Kec. Trenggalek, Treggalek, Jawa Timur 66311",,EAC Menak Sopal,Trenggalek,Menak Sopal,,-8.06048,111.7074789,SUCCESS
561,English Academy,Wonogiri - Gajahmungkur,"Jl. Pelem 1, Kajen, Giripurwo, Kec. Wonogiri, Kabupaten Wonogiri, Jawa Tengah 57611",,EAC Gajahmungkur,Wonogiri,Gajahmungkur,,-7.8168436,110.9259484,SUCCESS
562,English Academy,Yogyakarta - Sagan,"Ruko Sagan Square, Jl. Sagan, Terban, Kec. Gondokusuman, Kota Yogyakarta, Daerah Istimewa Yogyakarta 55223",,EAC Sagan,Yogyakarta,Sagan,,-7.7814586,110.3791722,SUCCESS
563,English Academy,Yogyakarta - Terban,"Ruko, Jl. Yap Square Jl. C. Simanjuntak No.2 Blk B12-B12 A, Terban, Kec. Gondokusuman, Kota Yogyakarta, Daerah Istimewa Yogyakarta 55223",,EAC Terban,Yogyakarta,Terban,,-7.780444900000001,110.3730288,SUCCESS
564,English Academy,Yogyakarta - Wirobrajan,"Jl. HOS Cokroaminoto No.77, Pakuncen, Wirobrajan, Kota Yogyakarta, Daerah Istimewa Yogyakarta 17143",,EAC Wirobrajan,Yogyakarta,Wirobrajan,,-7.796554899999999,110.3525873,SUCCESS
